Date,AAL,UAL,OIL
2007-01-03,53.89,44.8,55.42
2007-01-04,56.3,46.01,53.26
2007-01-05,58.83,46.52,51.3
2007-01-08,57.3,45.47,51.88
2007-01-09,59.44,48.17,51.2
2007-01-10,60.03,47.64,50.6
2007-01-11,59.18,48.4,49.22
2007-01-12,61.2,49.8,48.68
2007-01-16,60.81,49.82,48.58
2007-01-17,60.96,50.5,47.97
2007-01-18,58.65,49.16,48.24
2007-01-19,57.73,49.81,48.3
2007-01-22,58.3,49.15,49.72
2007-01-23,55.4,45.92,49.6
2007-01-24,53.2,44.61,50.92
2007-01-25,53.8,45.58,51.27
2007-01-26,53.15,44.14,51.04
2007-01-29,52.23,43.89,51.28
2007-01-30,55.31,45.14,50.82
2007-01-31,53.1,43.0,52.62
2007-02-01,56.5,43.0,53.49
2007-02-02,57.0,43.91,53.64
2007-02-05,57.49,44.92,54.66
2007-02-06,57.64,43.91,54.68
2007-02-07,58.4,44.89,54.4
2007-02-08,58.0,45.06,53.6
2007-02-09,59.36,45.47,55.08
2007-02-12,58.45,44.95,53.99
2007-02-13,58.9,44.69,53.38
2007-02-14,57.6,44.59,53.76
2007-02-15,57.61,44.64,52.88
2007-02-16,57.72,44.58,53.69
2007-02-20,56.96,45.01,53.42
2007-02-21,56.37,45.17,54.0
2007-02-22,55.71,44.62,55.14
2007-02-23,54.62,43.28,56.55
2007-02-26,54.38,42.8,57.07
2007-02-27,53.03,41.46,57.24
2007-02-28,51.76,39.92,56.69
2007-03-01,51.0,39.44,58.47
2007-03-02,51.9,40.17,58.65
2007-03-05,50.52,38.68,57.32
2007-03-06,50.35,39.04,57.21
2007-03-07,50.08,39.21,58.2
2007-03-08,49.88,39.02,58.73
2007-03-09,49.75,38.66,58.29
2007-03-12,49.2,38.3,57.37
2007-03-13,49.06,39.44,57.38
2007-03-14,47.75,38.68,57.23
2007-03-15,45.95,37.35,57.28
2007-03-16,46.21,38.83,56.86
2007-03-19,46.3,38.85,56.74
2007-03-20,47.88,39.72,56.59
2007-03-21,49.0,40.58,56.87
2007-03-22,50.47,41.38,57.91
2007-03-23,47.9,39.65,59.05
2007-03-26,47.0,39.4,60.16
2007-03-27,46.87,38.32,60.49
2007-03-28,46.04,37.96,61.88
2007-03-29,46.65,38.6,62.52
2007-03-30,46.07,38.3,63.79
2007-04-02,45.26,38.3,64.06
2007-04-03,46.32,39.02,63.87
2007-04-04,48.1,40.59,63.48
2007-04-05,46.4,40.22,64.16
2007-04-09,46.3,41.1,63.74
2007-04-10,47.15,42.14,62.82
2007-04-11,45.75,42.25,63.54
2007-04-12,44.9,42.31,63.83
2007-04-13,44.12,42.15,64.88
2007-04-16,45.48,42.5,64.05
2007-04-17,45.32,42.59,63.14
2007-04-18,45.7,43.31,61.96
2007-04-19,46.95,44.08,61.98
2007-04-20,45.61,43.14,62.23
2007-04-23,45.5,40.6,63.1
2007-04-24,43.4,39.4,63.94
2007-04-25,42.45,37.88,63.69
2007-04-26,44.1,38.12,64.2
2007-04-27,38.81,35.75,64.03
2007-04-30,38.0,34.5,64.26
2007-05-01,36.7,32.9,64.81
2007-05-02,35.87,32.97,63.69
2007-05-03,36.45,33.95,63.19
2007-05-04,35.71,33.9,63.1
2007-05-07,36.52,36.7,61.93
2007-05-08,35.12,35.03,62.1
2007-05-09,34.25,35.74,62.19
2007-05-10,33.8,34.99,62.36
2007-05-11,33.11,35.02,63.15
2007-05-14,32.81,34.36,63.79
2007-05-15,33.2,33.84,63.79
2007-05-16,32.87,33.36,64.55
2007-05-17,32.1,34.54,65.29
2007-05-18,33.19,35.61,66.01
2007-05-21,33.49,35.85,66.24
2007-05-22,33.36,35.76,66.62
2007-05-23,34.98,37.0,66.36
2007-05-24,34.8,37.3,66.93
2007-05-25,35.1,37.95,66.57
2007-05-29,34.84,38.29,65.49
2007-05-30,35.37,38.51,64.3
2007-05-31,35.7,39.6,64.45
2007-06-01,35.72,39.54,64.6
2007-06-04,35.25,38.54,65.81
2007-06-05,34.3,36.45,66.34
2007-06-06,33.4,36.77,66.58
2007-06-07,34.4,36.17,67.18
2007-06-08,30.56,35.27,66.23
2007-06-11,30.6,35.17,65.14
2007-06-12,29.7,35.3,65.46
2007-06-13,29.27,34.89,65.67
2007-06-14,28.72,35.23,66.87
2007-06-15,28.82,35.79,67.5
2007-06-18,27.9,35.53,68.02
2007-06-19,27.9,36.24,68.33
2007-06-20,29.12,38.0,67.7
2007-06-21,29.5,38.46,67.7
2007-06-22,29.38,39.3,67.5
2007-06-25,29.78,39.36,67.38
2007-06-26,29.36,39.22,67.53
2007-06-27,28.03,38.57,67.41
2007-06-28,31.2,39.96,67.72
2007-06-29,30.95,40.63,68.02
2007-07-02,30.68,40.51,68.73
2007-07-03,31.03,41.67,69.65
2007-07-05,33.0,41.64,70.38
2007-07-06,33.55,44.42,71.33
2007-07-09,34.62,44.51,71.55
2007-07-10,35.6,44.75,71.78
2007-07-11,34.49,43.53,72.05
2007-07-12,34.81,43.09,72.15
2007-07-13,34.11,43.2,72.67
2007-07-16,33.94,43.04,72.97
2007-07-17,35.11,45.06,72.05
2007-07-18,35.05,45.85,72.2
2007-07-19,35.11,47.55,73.36
2007-07-20,35.63,46.93,73.8
2007-07-23,35.1,47.6,73.13
2007-07-24,34.52,49.28,72.02
2007-07-25,35.26,49.2,71.65
2007-07-26,34.0,47.25,73.01
2007-07-27,35.0,46.25,72.36
2007-07-30,33.9,46.0,72.35
2007-07-31,32.95,45.83,72.56
2007-08-01,30.73,44.0,73.17
2007-08-02,31.5,44.94,72.3
2007-08-03,30.5,45.76,72.12
2007-08-06,31.38,45.05,70.3
2007-08-07,29.65,43.31,68.34
2007-08-08,32.07,43.84,68.59
2007-08-09,30.61,45.21,68.29
2007-08-10,29.0,43.48,67.56
2007-08-13,29.44,43.12,68.36
2007-08-14,29.75,43.12,67.75
2007-08-15,28.46,41.47,68.68
2007-08-16,25.99,37.76,67.63
2007-08-17,27.66,38.95,67.83
2007-08-20,26.55,40.83,67.69
2007-08-21,26.6,40.14,67.1
2007-08-22,29.32,43.23,66.6
2007-08-23,30.75,44.18,67.07
2007-08-24,29.62,43.69,67.61
2007-08-27,30.3,44.78,67.76
2007-08-28,29.39,44.06,68.25
2007-08-29,28.84,44.09,68.41
2007-08-30,29.57,44.93,69.18
2007-08-31,30.6,46.74,69.7
2007-09-04,30.86,47.9,70.88
2007-09-05,32.56,47.75,71.46
2007-09-06,31.31,47.0,72.1
2007-09-07,30.63,45.16,72.01
2007-09-10,30.33,44.73,72.27
2007-09-11,29.74,45.0,73.13
2007-09-12,30.81,45.5,74.21
2007-09-13,29.89,44.53,74.64
2007-09-14,29.44,45.0,74.48
2007-09-17,30.2,45.59,74.06
2007-09-18,29.74,45.24,74.92
2007-09-19,30.0,46.5,75.61
2007-09-20,30.76,47.69,75.78
2007-09-21,30.36,47.27,76.72
2007-09-24,29.33,46.19,76.48
2007-09-25,26.03,43.13,75.8
2007-09-26,26.65,44.25,75.11
2007-09-27,26.98,46.1,76.02
2007-09-28,26.48,45.85,77.43
2007-10-01,26.62,46.53,75.97
2007-10-02,27.93,47.98,74.66
2007-10-03,28.6,48.5,74.96
2007-10-04,29.07,48.52,74.83
2007-10-05,29.55,47.38,76.23
2007-10-08,30.01,48.26,75.37
2007-10-09,31.79,48.4,74.47
2007-10-10,31.5,49.07,75.36
2007-10-11,30.8,48.97,77.01
2007-10-12,29.15,47.95,77.62
2007-10-15,29.77,47.51,78.76
2007-10-16,28.0,46.95,80.87
2007-10-17,28.59,47.95,81.13
2007-10-18,28.82,49.5,81.18
2007-10-19,27.7,49.32,81.49
2007-10-22,26.22,47.51,80.15
2007-10-23,26.65,47.33,80.03
2007-10-24,28.58,50.5,80.49
2007-10-25,29.7,48.5,82.67
2007-10-26,27.71,48.79,84.82
2007-10-29,27.69,47.21,85.94
2007-10-30,27.26,46.91,85.52
2007-10-31,28.71,48.3,84.76
2007-11-01,27.25,47.23,87.47
2007-11-02,26.96,47.55,87.47
2007-11-05,25.88,45.15,88.0
2007-11-06,24.41,45.38,89.02
2007-11-07,22.61,43.17,90.57
2007-11-08,22.19,41.74,90.56
2007-11-09,21.65,41.0,89.58
2007-11-12,21.63,40.81,88.65
2007-11-13,22.69,41.55,86.68
2007-11-14,23.1,42.98,86.45
2007-11-15,22.82,43.82,86.87
2007-11-16,23.66,43.22,87.41
2007-11-19,22.0,42.48,88.57
2007-11-20,20.94,41.0,89.93
2007-11-21,18.73,37.21,91.77
2007-11-23,20.12,39.66,91.37
2007-11-26,20.4,40.0,91.68
2007-11-27,19.81,41.03,90.08
2007-11-28,19.97,41.0,87.88
2007-11-29,20.6,41.0,87.59
2007-11-30,20.6,41.48,85.72
2007-12-03,21.21,40.27,84.13
2007-12-04,19.47,39.03,85.14
2007-12-05,19.48,40.02,85.3
2007-12-06,18.07,40.76,84.34
2007-12-07,17.89,41.01,85.07
2007-12-10,18.25,42.64,84.02
2007-12-11,18.56,41.93,84.51
2007-12-12,18.2,39.65,86.61
2007-12-13,15.48,36.55,88.46
2007-12-14,15.79,36.17,87.81
2007-12-17,15.42,36.8,87.13
2007-12-18,14.85,34.71,87.1
2007-12-19,14.85,34.75,87.24
2007-12-20,15.22,36.74,87.36
2007-12-21,15.5,35.25,87.73
2007-12-24,15.16,35.59,87.86
2007-12-26,15.98,36.71,89.44
2007-12-27,15.43,36.0,90.29
2007-12-28,15.27,34.62,90.84
2007-12-31,14.85,34.47,90.7
2008-01-02,14.55,35.25,91.82
2008-01-03,13.3,32.3,93.67
2008-01-04,12.7,31.15,93.38
2008-01-07,12.4,31.05,91.72
2008-01-08,12.22,29.65,91.67
2008-01-09,11.21,25.57,91.98
2008-01-10,11.24,26.88,89.71
2008-01-11,12.61,32.32,88.36
2008-01-14,12.07,32.07,88.51
2008-01-15,11.85,32.74,88.33
2008-01-16,12.25,34.25,86.28
2008-01-17,12.64,35.1,86.14
2008-01-18,12.35,34.32,85.91
2008-01-22,12.26,29.7,83.7
2008-01-23,12.04,30.75,84.48
2008-01-24,12.63,35.98,84.42
2008-01-25,12.66,34.59,86.87
2008-01-28,12.39,34.95,87.01
2008-01-29,13.16,35.88,88.2
2008-01-30,12.98,35.31,88.59
2008-01-31,13.36,35.1,87.92
2008-02-01,13.98,38.13,87.5
2008-02-04,15.59,41.0,86.51
2008-02-05,14.31,36.64,86.01
2008-02-06,14.76,37.1,84.66
2008-02-07,15.74,38.03,84.63
2008-02-08,15.41,39.17,86.1
2008-02-11,15.17,39.78,89.01
2008-02-12,15.29,40.47,89.63
2008-02-13,15.14,39.4,89.48
2008-02-14,15.09,38.71,90.63
2008-02-15,14.11,37.0,91.55
2008-02-19,14.42,37.53,92.52
2008-02-20,13.77,35.4,94.09
2008-02-21,14.08,37.58,93.81
2008-02-22,13.78,35.8,92.48
2008-02-25,13.55,35.55,93.49
2008-02-26,13.6,35.4,93.96
2008-02-27,13.76,34.52,95.03
2008-02-28,13.56,33.19,94.87
2008-02-29,12.81,31.65,96.35
2008-03-03,12.19,30.13,97.12
2008-03-04,12.06,28.96,96.13
2008-03-05,12.41,28.44,95.86
2008-03-06,12.73,29.76,98.34
2008-03-07,11.22,27.34,99.0
2008-03-10,11.11,28.29,99.48
2008-03-11,10.02,26.02,100.57
2008-03-12,9.67,25.6,101.38
2008-03-13,8.95,23.99,102.39
2008-03-14,8.85,24.42,102.88
2008-03-17,8.0,22.0,101.41
2008-03-18,7.69,21.1,100.1
2008-03-19,8.13,22.87,99.97
2008-03-20,8.25,23.3,96.1
2008-03-24,8.91,23.46,96.15
2008-03-25,9.2,23.7,96.49
2008-03-26,9.01,23.84,98.42
2008-03-27,8.5,21.74,100.36
2008-03-28,8.5,21.47,99.77
2008-03-31,8.48,21.33,98.63
2008-04-01,9.2,22.1,95.75
2008-04-02,9.74,23.2,96.48
2008-04-03,9.11,21.86,98.63
2008-04-04,9.25,21.96,98.63
2008-04-07,9.57,21.25,101.16
2008-04-08,9.52,21.99,101.89
2008-04-09,9.68,22.64,102.38
2008-04-10,8.8,21.07,103.74
2008-04-11,9.12,22.24,103.67
2008-04-14,8.89,23.3,104.02
2008-04-15,8.97,24.46,105.73
2008-04-16,8.18,22.25,106.65
2008-04-17,7.97,22.56,107.63
2008-04-18,8.09,22.99,107.75
2008-04-21,8.11,22.71,108.93
2008-04-22,7.71,20.82,109.92
2008-04-23,7.01,13.9,111.14
2008-04-24,6.34,14.54,110.63
2008-04-25,7.16,15.56,110.01
2008-04-28,7.32,14.13,111.66
2008-04-29,8.58,15.03,109.86
2008-04-30,8.93,15.03,107.33
2008-05-01,8.65,15.0,105.93
2008-05-02,9.5,16.35,106.93
2008-05-05,8.68,15.6,111.55
2008-05-06,8.2,14.79,114.69
2008-05-07,7.99,14.2,115.97
2008-05-08,7.23,13.68,116.87
2008-05-09,6.88,13.16,119.07
2008-05-12,7.32,13.87,119.65
2008-05-13,7.03,14.02,118.73
2008-05-14,7.12,13.92,118.78
2008-05-15,7.08,13.99,118.95
2008-05-16,7.5,14.07,119.27
2008-05-19,7.8,13.71,119.24
2008-05-20,7.08,12.34,121.02
2008-05-21,6.76,11.08,124.45
2008-05-22,5.57,8.56,127.59
2008-05-23,4.83,7.97,126.37
2008-05-27,4.44,7.93,125.91
2008-05-28,4.62,8.41,123.05
2008-05-29,4.22,8.05,124.27
2008-05-30,4.25,8.1,121.68
2008-06-02,4.03,8.49,122.09
2008-06-03,3.91,8.04,121.68
2008-06-04,4.06,8.76,118.55
2008-06-05,4.3,9.54,118.75
2008-06-06,4.14,9.28,126.09
2008-06-09,4.25,9.0,130.86
2008-06-10,3.92,8.0,128.64
2008-06-11,3.74,7.95,128.88
2008-06-12,3.37,7.46,129.75
2008-06-13,3.09,6.57,130.51
2008-06-16,2.85,6.5,129.77
2008-06-17,3.24,7.52,128.97
2008-06-18,3.2,6.88,128.44
2008-06-19,3.0,6.6,129.44
2008-06-20,3.27,7.5,128.56
2008-06-23,3.24,7.27,130.7
2008-06-24,2.59,6.12,131.34
2008-06-25,2.5,6.11,129.87
2008-06-26,2.49,5.45,130.77
2008-06-27,2.45,5.54,135.31
2008-06-30,2.43,5.57,136.03
2008-07-01,2.46,5.01,136.94
2008-07-02,2.45,4.6,137.73
2008-07-03,2.46,4.15,140.73
2008-07-07,2.59,4.22,138.44
2008-07-08,2.65,4.57,135.21
2008-07-09,2.7,4.71,133.16
2008-07-10,2.65,4.39,133.68
2008-07-11,2.31,3.85,139.85
2008-07-14,2.29,3.82,139.81
2008-07-15,1.81,3.34,138.0
2008-07-16,1.84,3.29,133.09
2008-07-17,2.35,4.54,131.03
2008-07-18,2.6,5.5,127.93
2008-07-21,2.86,5.15,127.72
2008-07-22,2.94,5.38,127.43
2008-07-23,4.75,9.45,123.89
2008-07-24,4.64,9.02,122.42
2008-07-25,4.75,8.17,122.63
2008-07-28,4.28,7.37,123.19
2008-07-29,4.37,7.38,121.73
2008-07-30,5.21,9.15,120.88
2008-07-31,5.0,7.85,122.48
2008-08-01,5.3,8.89,121.08
2008-08-04,5.26,8.43,120.8
2008-08-05,6.06,9.36,116.22
2008-08-06,6.56,9.9,114.64
2008-08-07,6.28,9.53,115.08
2008-08-08,7.2,10.22,112.73
2008-08-11,7.88,10.93,111.27
2008-08-12,8.8,12.63,109.08
2008-08-13,9.3,13.12,109.56
2008-08-14,9.38,12.25,110.88
2008-08-15,9.2,13.37,107.88
2008-08-18,8.85,13.94,108.68
2008-08-19,8.93,15.24,108.26
2008-08-20,7.0,12.83,109.77
2008-08-21,6.48,10.97,114.07
2008-08-22,7.3,12.25,114.63
2008-08-25,7.76,12.48,110.61
2008-08-26,7.78,12.05,110.51
2008-08-27,6.58,10.13,111.79
2008-08-28,6.89,9.48,111.85
2008-08-29,7.7,10.34,111.23
2008-09-02,9.9,13.42,103.4
2008-09-03,9.25,13.0,103.68
2008-09-04,8.31,12.3,103.64
2008-09-05,7.55,11.59,101.21
2008-09-08,7.78,12.17,101.08
2008-09-09,8.12,11.77,98.49
2008-09-10,6.95,10.48,96.79
2008-09-11,6.44,9.4,95.29
2008-09-12,7.43,10.81,95.21
2008-09-15,8.31,11.56,91.26
2008-09-16,8.15,12.77,86.27
2008-09-17,8.61,13.52,87.25
2008-09-18,7.26,11.72,89.38
2008-09-19,7.9,13.06,91.83
2008-09-22,7.61,12.75,97.95
2008-09-23,7.17,11.86,99.0
2008-09-24,6.9,11.47,98.88
2008-09-25,6.51,10.91,97.68
2008-09-26,6.01,9.84,97.9
2008-09-29,6.26,9.45,94.09
2008-09-30,5.8,8.5,90.32
2008-10-01,6.01,8.84,89.99
2008-10-02,7.28,9.88,89.27
2008-10-03,7.26,9.6,86.36
2008-10-06,6.58,8.02,81.56
2008-10-07,6.18,6.98,80.04
2008-10-08,4.79,4.98,77.37
2008-10-09,4.4,5.8,78.24
2008-10-10,3.27,5.03,72.67
2008-10-13,4.97,6.67,71.96
2008-10-14,6.09,7.6,73.49
2008-10-15,5.55,6.9,68.28
2008-10-16,5.61,7.54,62.77
2008-10-17,6.32,9.67,62.92
2008-10-20,7.18,11.66,64.63
2008-10-21,7.51,13.05,64.35
2008-10-22,7.97,13.73,60.82
2008-10-23,8.5,14.07,60.27
2008-10-24,6.3,11.46,57.57
2008-10-27,8.29,12.17,56.8
2008-10-28,7.61,12.14,55.9
2008-10-29,7.91,12.27,58.13
2008-10-30,8.67,11.66,59.92
2008-10-31,9.52,13.83,57.43
2008-11-03,10.54,15.45,59.03
2008-11-04,10.63,15.89,57.77
2008-11-05,10.13,15.95,58.97
2008-11-06,8.95,14.54,54.89
2008-11-07,8.29,14.9,53.49
2008-11-10,7.64,13.69,54.77
2008-11-11,7.64,13.45,52.24
2008-11-12,7.5,12.5,49.94
2008-11-13,5.23,9.42,47.73
2008-11-14,6.18,10.37,49.09
2008-11-17,5.69,10.22,47.96
2008-11-18,6.37,10.7,46.55
2008-11-19,6.03,11.03,45.89
2008-11-20,4.83,8.55,44.06
2008-11-21,4.95,8.2,42.56
2008-11-24,4.61,8.2,44.48
2008-11-25,5.43,9.77,45.53
2008-11-26,5.48,10.44,45.47
2008-11-28,5.69,10.97,47.22
2008-12-01,5.79,10.77,45.26
2008-12-02,5.3,9.5,41.6
2008-12-03,5.72,9.3,40.75
2008-12-04,6.03,9.92,39.56
2008-12-05,6.84,10.18,36.67
2008-12-08,7.81,12.01,37.73
2008-12-09,7.76,11.33,38.19
2008-12-10,6.83,10.69,37.94
2008-12-11,7.14,10.12,40.12
2008-12-12,6.14,9.08,41.32
2008-12-15,6.48,9.9,42.53
2008-12-16,6.27,9.72,40.74
2008-12-17,6.87,9.85,40.95
2008-12-18,7.72,11.02,39.48
2008-12-19,7.59,11.74,37.72
2008-12-22,7.44,11.08,36.92
2008-12-23,7.44,10.71,34.49
2008-12-24,7.26,10.46,33.36
2008-12-29,7.26,10.27,34.69
2008-12-30,7.48,10.79,34.95
2008-12-31,7.48,10.71,35.58
2009-01-02,7.73,11.08,40.44
2009-01-05,8.38,11.88,43.98
2009-01-06,8.15,11.48,46.32
2009-01-07,8.66,11.75,45.43
2009-01-08,8.95,11.97,42.06
2009-01-09,9.34,12.61,41.9
2009-01-12,9.15,12.37,40.15
2009-01-13,8.35,11.5,40.13
2009-01-14,8.12,10.76,41.32
2009-01-15,7.39,10.24,40.9
2009-01-16,8.03,11.45,42.23
2009-01-20,8.35,12.0,39.29
2009-01-21,7.86,12.19,39.55
2009-01-22,7.32,10.88,40.28
2009-01-23,7.1,10.65,41.03
2009-01-26,7.79,11.9,42.54
2009-01-27,7.73,12.29,40.48
2009-01-28,7.04,11.37,40.81
2009-01-29,7.15,11.49,41.19
2009-01-30,6.59,10.75,42.02
2009-02-02,5.62,9.46,42.58
2009-02-03,5.99,9.16,41.57
2009-02-04,5.54,8.82,41.63
2009-02-05,5.38,8.46,42.15
2009-02-06,5.43,8.61,43.29
2009-02-09,5.45,8.82,43.9
2009-02-10,5.25,8.75,43.45
2009-02-11,5.14,8.33,42.29
2009-02-12,4.65,7.75,41.81
2009-02-13,4.65,7.8,42.31
2009-02-17,4.41,7.62,39.8
2009-02-18,4.55,7.53,38.1
2009-02-19,3.87,6.54,38.98
2009-02-20,3.52,5.89,39.19
2009-02-23,3.3,5.8,39.47
2009-02-24,3.56,6.61,39.03
2009-02-25,3.73,6.71,40.71
2009-02-26,3.37,6.35,43.21
2009-02-27,3.01,5.79,43.23
2009-03-02,2.8,4.71,42.61
2009-03-03,2.59,4.4,41.79
2009-03-04,2.51,4.16,43.83
2009-03-05,2.26,4.1,43.64
2009-03-06,2.0,3.74,43.15
2009-03-09,2.08,3.83,44.04
2009-03-10,2.11,4.02,43.47
2009-03-11,2.61,4.8,42.38
2009-03-12,2.57,4.97,42.24
2009-03-13,2.84,5.66,44.15
2009-03-16,3.35,6.43,43.05
2009-03-17,2.87,5.48,44.71
2009-03-18,2.87,5.68,45.64
2009-03-19,3.13,5.95,47.39
2009-03-20,2.73,5.27,48.77
2009-03-23,2.48,4.85,50.18
2009-03-24,2.67,4.77,50.44
2009-03-25,2.72,4.67,50.14
2009-03-26,2.74,4.78,50.77
2009-03-27,2.71,5.0,50.41
2009-03-30,2.58,4.73,47.72
2009-03-31,2.56,4.62,46.65
2009-04-01,2.46,4.45,47.15
2009-04-02,2.71,4.96,49.97
2009-04-03,2.82,5.3,51.2
2009-04-06,2.9,5.15,51.9
2009-04-07,3.03,5.76,50.96
2009-04-08,3.19,5.64,50.25
2009-04-09,3.28,5.79,52.26
2009-04-13,3.41,6.43,51.92
2009-04-14,3.56,6.46,51.07
2009-04-15,3.32,5.81,51.17
2009-04-16,3.85,6.7,51.55
2009-04-17,3.81,6.48,51.45
2009-04-20,3.76,6.31,49.59
2009-04-21,3.49,5.86,48.49
2009-04-22,4.3,6.43,48.51
2009-04-23,4.65,6.3,48.6
2009-04-24,4.79,6.39,49.97
2009-04-27,4.28,5.45,49.21
2009-04-28,3.8,5.35,48.7
2009-04-29,4.0,5.22,49.98
2009-04-30,4.03,5.33,50.36
2009-05-01,3.96,5.0,50.41
2009-05-04,4.15,5.35,52.11
2009-05-05,4.7,5.76,52.71
2009-05-06,5.24,6.3,54.09
2009-05-07,4.75,6.12,56.05
2009-05-08,3.76,5.71,56.35
2009-05-11,3.75,5.52,56.11
2009-05-12,3.78,5.55,56.76
2009-05-13,3.38,5.09,57.16
2009-05-14,3.05,4.75,55.99
2009-05-15,3.28,4.98,56.37
2009-05-18,3.14,4.89,55.86
2009-05-19,3.16,5.11,57.52
2009-05-20,3.15,5.19,58.47
2009-05-21,2.96,4.91,58.32
2009-05-22,3.07,4.93,58.75
2009-05-26,2.9,4.8,58.71
2009-05-27,2.87,4.93,60.75
2009-05-28,2.64,4.68,61.77
2009-05-29,2.55,4.41,63.71
2009-06-01,2.61,4.77,66.08
2009-06-02,3.04,5.0,66.6
2009-06-03,3.07,5.22,66.14
2009-06-04,2.97,5.1,66.74
2009-06-05,2.9,4.99,67.81
2009-06-08,2.82,4.99,66.75
2009-06-09,2.76,4.73,68.42
2009-06-10,2.77,4.69,69.92
2009-06-11,2.69,4.33,70.6
2009-06-12,2.69,4.13,70.18
2009-06-15,2.62,3.81,68.98
2009-06-16,2.64,3.73,69.41
2009-06-17,2.65,3.8,69.1
2009-06-18,2.71,4.04,70.01
2009-06-19,2.66,3.9,70.0
2009-06-22,2.57,3.81,67.13
2009-06-23,2.47,3.56,66.34
2009-06-24,2.22,3.31,67.74
2009-06-25,2.15,3.15,68.27
2009-06-26,2.41,3.59,69.02
2009-06-29,2.36,3.49,69.16
2009-06-30,2.29,3.44,69.56
2009-07-01,2.4,3.19,69.26
2009-07-02,2.36,3.23,67.04
2009-07-06,2.39,3.31,63.66
2009-07-07,2.38,3.33,62.97
2009-07-08,2.24,3.25,61.11
2009-07-09,2.16,3.29,60.58
2009-07-10,2.13,3.17,59.86
2009-07-13,2.07,3.27,59.66
2009-07-14,2.1,3.28,60.87
2009-07-15,2.1,3.34,61.73
2009-07-16,2.14,3.45,62.54
2009-07-17,2.1,3.5,63.23
2009-07-20,2.06,3.35,64.64
2009-07-21,2.21,3.75,65.04
2009-07-22,2.08,3.6,64.68
2009-07-23,2.09,3.28,66.46
2009-07-24,2.38,3.4,67.8
2009-07-27,2.9,3.88,69.01
2009-07-28,2.73,3.75,68.45
2009-07-29,2.88,3.99,65.81
2009-07-30,3.1,4.18,66.42
2009-07-31,3.06,4.04,68.59
2009-08-03,2.98,4.2,71.34
2009-08-04,2.76,4.2,71.53
2009-08-05,3.08,5.06,72.45
2009-08-06,3.36,5.95,72.92
2009-08-07,3.14,5.9,71.96
2009-08-10,3.18,6.0,71.68
2009-08-11,3.06,5.89,71.06
2009-08-12,2.88,5.59,71.04
2009-08-13,3.14,5.9,72.22
2009-08-14,3.14,6.38,71.14
2009-08-17,2.95,5.72,68.04
2009-08-18,2.95,5.8,69.47
2009-08-19,2.9,5.63,71.13
2009-08-20,2.94,5.63,72.57
2009-08-21,3.07,5.8,72.27
2009-08-24,3.21,6.01,72.89
2009-08-25,3.22,6.16,71.71
2009-08-26,3.48,6.67,70.44
2009-08-27,3.81,6.74,70.36
2009-08-28,3.66,6.56,71.72
2009-08-31,3.5,6.42,70.37
2009-09-01,3.4,6.2,68.11
2009-09-02,2.96,5.6,66.64
2009-09-03,3.2,5.79,66.65
2009-09-04,3.27,6.22,66.03
2009-09-08,3.46,6.41,67.83
2009-09-09,3.45,6.34,68.97
2009-09-10,3.85,7.14,69.23
2009-09-11,4.09,7.75,68.21
2009-09-14,3.93,7.53,66.47
2009-09-15,4.15,8.56,66.95
2009-09-16,4.51,8.99,68.69
2009-09-17,4.7,9.39,70.27
2009-09-18,5.12,8.66,69.62
2009-09-21,4.88,8.34,68.42
2009-09-22,5.36,9.12,68.59
2009-09-23,4.74,9.05,67.87
2009-09-24,4.69,8.9,65.12
2009-09-25,5.1,9.08,64.0
2009-09-28,5.09,9.38,64.07
2009-09-29,5.0,9.1,64.25
2009-09-30,4.92,9.22,65.55
2009-10-01,4.62,8.39,67.72
2009-10-02,4.15,7.03,67.17
2009-10-05,4.46,7.34,66.81
2009-10-06,4.41,7.4,68.14
2009-10-07,4.34,7.2,67.76
2009-10-08,4.35,7.13,67.84
2009-10-09,4.36,7.19,68.86
2009-10-12,4.51,7.33,70.06
2009-10-13,4.48,7.13,70.94
2009-10-14,4.55,7.48,71.96
2009-10-15,4.37,7.71,73.2
2009-10-16,4.45,7.55,74.89
2009-10-19,4.34,7.34,75.82
2009-10-20,4.31,7.66,75.82
2009-10-21,4.3,7.82,76.37
2009-10-22,3.98,7.03,77.61
2009-10-23,3.95,7.28,77.59
2009-10-26,3.72,6.9,76.7
2009-10-27,3.38,6.75,76.43
2009-10-28,3.16,6.66,75.53
2009-10-29,3.21,6.45,75.94
2009-10-30,3.22,6.57,75.56
2009-11-02,3.12,6.56,74.95
2009-11-03,2.88,6.69,75.53
2009-11-04,3.07,6.54,77.6
2009-11-05,2.95,6.61,77.45
2009-11-06,2.93,6.53,76.25
2009-11-09,3.27,7.11,76.56
2009-11-10,3.2,7.0,76.5
2009-11-11,3.15,6.84,76.88
2009-11-12,3.21,7.26,76.06
2009-11-13,3.18,7.17,75.25
2009-11-16,3.27,7.41,76.48
2009-11-17,3.36,7.53,76.96
2009-11-18,3.36,7.4,77.86
2009-11-19,3.23,7.02,76.77
2009-11-20,3.1,7.08,75.77
2009-11-23,3.17,7.06,76.72
2009-11-24,3.12,7.16,75.22
2009-11-25,3.35,7.1,75.67
2009-11-27,3.36,7.02,75.38
2009-11-30,3.48,7.22,76.21
2009-12-01,3.77,7.9,77.88
2009-12-02,3.77,8.74,77.31
2009-12-03,4.01,9.3,77.32
2009-12-04,4.17,9.45,76.81
2009-12-07,4.42,9.48,75.76
2009-12-08,4.61,10.0,74.8
2009-12-09,4.59,9.99,73.7
2009-12-10,4.42,10.0,71.43
2009-12-11,4.4,10.28,70.85
2009-12-14,4.94,11.2,70.64
2009-12-15,4.62,11.23,70.84
2009-12-16,4.53,11.14,72.17
2009-12-17,4.65,11.21,71.77
2009-12-18,4.61,11.2,71.78
2009-12-21,4.52,11.33,71.88
2009-12-22,4.62,11.7,71.32
2009-12-23,5.13,12.96,72.71
2009-12-24,5.2,13.12,74.33
2009-12-28,5.22,12.75,74.83
2009-12-29,5.04,12.65,76.19
2009-12-30,4.84,12.49,76.77
2009-12-31,4.92,12.83,77.16
2010-01-04,4.84,12.99,78.23
2010-01-05,4.79,12.87,79.14
2010-01-06,5.19,13.74,79.7
2010-01-07,5.06,13.2,80.19
2010-01-08,5.27,13.56,79.94
2010-01-11,5.13,13.36,80.29
2010-01-12,5.06,13.0,79.08
2010-01-13,5.12,12.75,77.15
2010-01-14,5.46,13.84,77.59
2010-01-15,5.64,13.93,76.57
2010-01-19,5.5,13.24,75.53
2010-01-20,5.65,13.17,75.3
2010-01-21,5.88,13.75,74.54
2010-01-22,5.48,13.07,73.02
2010-01-25,5.34,13.54,71.97
2010-01-26,5.21,12.78,71.94
2010-01-27,5.1,13.11,71.87
2010-01-28,4.99,12.93,71.4
2010-01-29,5.23,12.73,71.01
2010-02-01,5.43,12.35,71.02
2010-02-02,5.65,12.88,73.05
2010-02-03,5.94,13.6,75.14
2010-02-04,5.82,13.1,72.73
2010-02-05,5.5,12.34,69.71
2010-02-08,5.88,12.85,68.86
2010-02-09,6.15,13.63,69.76
2010-02-10,6.39,15.25,70.78
2010-02-11,6.3,15.3,71.81
2010-02-12,6.27,15.13,71.55
2010-02-16,6.93,16.05,73.06
2010-02-17,6.89,15.73,74.33
2010-02-18,6.75,15.37,74.49
2010-02-19,6.65,14.86,75.17
2010-02-22,6.97,15.44,76.14
2010-02-23,7.09,15.54,75.75
2010-02-24,7.14,15.68,75.46
2010-02-25,7.06,15.41,74.66
2010-02-26,7.06,15.66,74.6
2010-03-01,7.41,17.25,75.75
2010-03-02,7.74,18.1,75.51
2010-03-03,7.51,17.97,76.52
2010-03-04,7.48,18.39,76.42
2010-03-05,7.43,18.26,77.27
2010-03-08,7.45,18.25,77.86
2010-03-09,7.38,18.02,77.38
2010-03-10,7.8,18.35,77.8
2010-03-11,7.92,18.89,77.76
2010-03-12,7.97,19.36,77.74
2010-03-15,7.88,19.53,76.24
2010-03-16,7.93,20.13,76.62
2010-03-17,7.71,20.19,78.25
2010-03-18,7.55,19.56,77.9
2010-03-19,7.1,18.53,77.18
2010-03-22,7.08,18.48,76.75
2010-03-23,7.34,19.64,77.54
2010-03-24,7.27,19.36,76.9
2010-03-25,7.46,19.87,77.03
2010-03-26,7.42,19.82,76.8
2010-03-29,7.44,19.98,77.77
2010-03-30,7.31,20.15,78.21
2010-03-31,7.18,19.51,78.7
2010-04-01,7.37,19.53,79.89
2010-04-05,7.46,19.63,81.27
2010-04-06,7.12,19.28,82.55
2010-04-07,7.06,19.43,82.36
2010-04-08,7.84,19.94,81.6
2010-04-09,7.55,20.32,81.97
2010-04-12,7.4,20.73,82.2
2010-04-13,7.66,21.47,81.52
2010-04-14,7.54,21.75,82.63
2010-04-15,7.47,22.2,83.28
2010-04-16,7.42,23.4,82.86
2010-04-19,7.01,22.41,80.89
2010-04-20,6.99,21.96,81.83
2010-04-21,7.13,22.0,82.01
2010-04-22,6.66,20.97,82.36
2010-04-23,6.45,21.84,83.01
2010-04-26,6.68,22.68,83.91
2010-04-27,6.68,22.36,83.03
2010-04-28,6.64,21.14,82.13
2010-04-29,7.32,22.24,83.59
2010-04-30,7.31,22.0,84.13
2010-05-03,7.21,22.3,84.36
2010-05-04,7.29,21.72,84.16
2010-05-05,6.75,19.31,81.12
2010-05-06,6.85,19.44,78.52
2010-05-07,6.46,18.04,76.41
2010-05-10,6.88,18.66,78.08
2010-05-11,6.79,18.94,77.53
2010-05-12,6.89,19.76,78.29
2010-05-13,7.34,20.37,78.43
2010-05-14,7.1,19.91,75.95
2010-05-17,7.06,19.99,73.25
2010-05-18,7.32,20.35,72.77
2010-05-19,6.95,19.05,70.57
2010-05-20,7.1,17.96,69.64
2010-05-21,6.62,17.38,68.47
2010-05-24,7.19,18.3,68.59
2010-05-25,7.08,17.63,66.84
2010-05-26,7.92,19.13,68.21
2010-05-27,8.73,20.35,70.48
2010-05-28,8.73,20.31,70.62
2010-06-01,8.64,19.74,70.96
2010-06-02,8.82,19.94,71.13
2010-06-03,9.55,22.0,72.84
2010-06-04,8.84,21.44,72.06
2010-06-07,8.83,21.18,69.61
2010-06-08,8.55,20.45,70.08
2010-06-09,8.59,21.19,71.05
2010-06-10,8.93,21.96,72.18
2010-06-11,9.01,21.44,72.26
2010-06-14,10.15,23.09,73.32
2010-06-15,9.83,23.27,73.14
2010-06-16,10.3,23.58,74.13
2010-06-17,10.62,24.29,75.21
2010-06-18,10.63,24.03,75.11
2010-06-21,10.6,24.27,75.94
2010-06-22,9.92,23.24,75.09
2010-06-23,9.55,22.13,74.06
2010-06-24,9.56,21.84,72.9
2010-06-25,9.59,21.53,73.8
2010-06-28,9.19,21.03,74.77
2010-06-29,8.94,20.37,72.66
2010-06-30,8.73,20.02,72.49
2010-07-01,8.62,20.65,70.48
2010-07-02,8.71,20.57,69.63
2010-07-06,8.5,19.25,69.73
2010-07-07,8.36,18.98,69.74
2010-07-08,9.39,20.25,71.86
2010-07-09,9.49,20.97,72.79
2010-07-12,9.46,21.15,72.0
2010-07-13,9.35,21.64,72.58
2010-07-14,9.28,22.43,73.93
2010-07-15,9.27,22.67,73.26
2010-07-16,8.99,21.68,72.89
2010-07-19,9.0,21.29,72.94
2010-07-20,8.5,21.16,73.16
2010-07-21,9.45,22.45,73.16
2010-07-22,9.45,22.2,73.47
2010-07-23,9.77,22.68,74.44
2010-07-26,10.4,23.14,74.22
2010-07-27,11.1,24.4,73.95
2010-07-28,10.42,23.64,73.26
2010-07-29,10.74,23.97,74.19
2010-07-30,10.33,23.5,74.43
2010-08-02,11.0,24.1,77.09
2010-08-03,10.7,23.99,78.41
2010-08-04,10.77,23.36,78.88
2010-08-05,10.01,22.52,78.69
2010-08-06,9.53,22.1,78.15
2010-08-09,9.63,22.42,78.28
2010-08-10,9.54,23.05,76.87
2010-08-11,9.36,21.82,75.4
2010-08-12,8.93,20.59,73.73
2010-08-13,9.21,21.4,72.64
2010-08-16,9.06,21.31,72.27
2010-08-17,9.32,22.11,73.25
2010-08-18,9.49,21.25,73.05
2010-08-19,9.59,21.37,73.03
2010-08-20,9.11,20.58,71.78
2010-08-23,9.21,20.46,70.93
2010-08-24,8.69,20.22,69.69
2010-08-25,8.71,19.42,70.0
2010-08-26,8.91,19.71,71.4
2010-08-27,8.83,19.81,72.36
2010-08-30,9.23,20.85,73.05
2010-08-31,8.75,20.71,72.39
2010-09-01,9.33,21.5,72.49
2010-09-02,9.59,21.99,72.89
2010-09-03,9.91,22.7,73.05
2010-09-07,9.88,22.45,73.03
2010-09-08,9.57,22.3,74.04
2010-09-09,9.72,21.93,74.48
2010-09-10,9.18,20.88,74.66
2010-09-13,9.07,21.23,75.06
2010-09-14,8.65,21.28,75.54
2010-09-15,8.74,21.76,75.37
2010-09-16,8.87,21.58,75.49
2010-09-17,9.18,22.29,74.95
2010-09-20,9.1,21.95,75.26
2010-09-21,9.31,22.56,75.34
2010-09-22,9.49,23.28,74.41
2010-09-23,8.84,22.49,74.28
2010-09-24,8.97,22.68,75.01
2010-09-27,9.28,23.1,75.06
2010-09-28,9.32,23.0,74.87
2010-09-29,9.24,23.0,75.74
2010-09-30,9.14,23.76,77.48
2010-10-01,9.29,25.0,79.52
2010-10-04,9.24,25.02,79.95
2010-10-05,9.27,24.32,80.14
2010-10-06,9.27,24.61,81.51
2010-10-07,9.3,25.09,81.07
2010-10-08,9.22,25.76,79.95
2010-10-11,9.06,26.55,80.44
2010-10-12,9.02,25.97,79.64
2010-10-13,9.67,27.42,80.9
2010-10-14,9.76,26.9,80.95
2010-10-15,9.85,26.14,79.86
2010-10-18,9.79,26.3,79.0
2010-10-19,9.94,25.71,79.25
2010-10-20,10.5,26.38,78.71
2010-10-21,10.94,27.31,79.26
2010-10-22,10.77,27.92,78.54
2010-10-25,10.97,27.82,80.03
2010-10-26,11.47,27.53,79.75
2010-10-27,11.66,28.35,79.19
2010-10-28,12.02,29.61,79.92
2010-10-29,11.81,29.09,79.42
2010-11-01,11.88,28.91,80.55
2010-11-02,11.75,28.58,81.9
2010-11-03,11.93,28.88,82.56
2010-11-04,12.24,29.43,84.33
2010-11-05,11.6,28.08,84.33
2010-11-08,11.57,27.96,84.62
2010-11-09,11.36,28.78,84.92
2010-11-10,11.02,28.2,85.27
2010-11-11,10.68,27.7,85.81
2010-11-12,10.67,28.08,83.67
2010-11-15,10.65,27.69,83.39
2010-11-16,10.62,27.4,82.35
2010-11-17,10.75,27.28,81.9
2010-11-18,10.82,27.6,81.09
2010-11-19,10.98,27.89,81.41
2010-11-22,10.99,28.46,80.96
2010-11-23,11.04,28.29,80.14
2010-11-24,11.22,27.98,81.16
2010-11-26,11.86,28.82,82.34
2010-11-29,11.62,28.65,83.45
2010-11-30,11.18,28.08,83.65
2010-12-01,11.34,28.13,84.13
2010-12-02,11.25,28.39,86.13
2010-12-03,11.08,27.92,87.12
2010-12-06,11.0,27.59,88.13
2010-12-07,11.31,27.23,87.87
2010-12-08,10.62,25.97,87.46
2010-12-09,11.05,25.61,87.91
2010-12-10,10.95,25.98,87.65
2010-12-13,10.93,26.12,87.96
2010-12-14,10.56,25.15,88.21
2010-12-15,10.63,24.3,88.22
2010-12-16,10.18,23.83,88.76
2010-12-17,10.16,24.37,88.78
2010-12-20,10.02,24.09,88.59
2010-12-21,10.2,24.25,89.54
2010-12-22,10.54,24.22,90.02
2010-12-23,10.3,24.48,90.16
2010-12-27,9.93,23.42,90.67
2010-12-28,9.9,23.55,90.08
2010-12-29,9.95,23.16,90.22
2010-12-30,10.16,23.6,89.47
2010-12-31,10.16,24.02,88.99
2011-01-03,10.11,24.13,89.81
2011-01-04,10.73,25.3,91.28
2011-01-05,10.74,25.53,90.91
2011-01-06,11.15,25.43,92.06
2011-01-07,11.2,25.75,90.83
2011-01-10,11.29,26.08,91.33
2011-01-11,11.37,26.39,92.92
2011-01-12,10.87,25.85,94.23
2011-01-13,10.83,25.76,93.96
2011-01-14,10.84,25.77,94.04
2011-01-18,10.71,25.69,93.8
2011-01-19,10.21,25.13,93.99
2011-01-20,9.98,24.24,92.95
2011-01-21,10.23,24.57,92.9
2011-01-24,9.87,23.87,93.2
2011-01-25,10.15,24.2,91.8
2011-01-26,10.56,25.07,92.58
2011-01-27,10.85,26.22,93.42
2011-01-28,11.01,26.97,94.1
2011-01-31,10.19,25.88,95.53
2011-02-01,9.97,25.46,96.39
2011-02-02,9.9,25.03,97.66
2011-02-03,9.54,24.68,97.71
2011-02-04,9.5,25.43,96.85
2011-02-07,9.29,25.59,96.02
2011-02-08,9.85,26.43,96.12
2011-02-09,9.95,26.54,96.93
2011-02-10,9.83,26.43,97.59
2011-02-11,9.78,26.3,97.37
2011-02-14,10.18,27.15,98.24
2011-02-15,10.07,26.86,99.0
2011-02-16,10.15,27.29,98.68
2011-02-17,10.07,27.19,99.77
2011-02-18,9.91,27.6,99.08
2011-02-22,9.28,25.52,104.01
2011-02-23,9.09,23.93,105.88
2011-02-24,8.52,22.95,111.01
2011-02-25,8.54,24.5,108.31
2011-02-28,8.67,24.16,108.5
2011-03-01,8.56,23.84,108.27
2011-03-02,7.94,22.87,110.83
2011-03-03,8.39,23.46,110.48
2011-03-04,8.32,22.67,111.42
2011-03-07,8.19,22.21,112.03
2011-03-08,8.33,23.22,109.55
2011-03-09,9.1,24.44,109.96
2011-03-10,8.86,24.04,110.71
2011-03-11,9.31,24.9,109.18
2011-03-14,9.09,24.46,107.87
2011-03-15,8.5,23.13,106.56
2011-03-16,8.88,23.42,105.8
2011-03-17,8.72,23.1,108.08
2011-03-18,8.77,23.03,110.54
2011-03-21,9.04,23.53,110.1
2011-03-22,9.24,24.05,110.23
2011-03-23,8.82,23.4,111.09
2011-03-24,8.85,23.12,110.81
2011-03-25,8.95,23.68,110.91
2011-03-28,9.11,23.75,110.37
2011-03-29,9.04,23.28,109.87
2011-03-30,8.9,22.91,110.18
2011-03-31,8.91,23.63,111.42
2011-04-01,9.08,23.34,113.49
2011-04-04,8.87,22.89,115.21
2011-04-05,8.76,22.58,116.73
2011-04-06,8.52,21.9,117.75
2011-04-07,8.35,21.12,117.79
2011-04-08,8.26,20.9,120.15
2011-04-11,7.87,19.7,120.44
2011-04-12,8.22,20.62,117.68
2011-04-13,8.48,21.72,116.84
2011-04-14,8.2,21.17,118.03
2011-04-15,8.05,20.8,117.99
2011-04-18,8.04,20.89,117.37
2011-04-19,8.33,21.53,116.0
2011-04-20,8.35,21.66,117.97
2011-04-21,8.2,20.91,119.46
2011-04-25,8.07,20.75,119.38
2011-04-26,8.38,22.09,118.96
2011-04-27,8.77,22.69,119.35
2011-04-28,8.74,22.79,120.91
2011-04-29,8.77,22.17,120.35
2011-05-02,9.24,23.59,119.9
2011-05-03,9.01,23.56,118.75
2011-05-04,9.19,23.89,116.96
2011-05-05,9.48,24.65,112.8
2011-05-06,10.01,26.06,104.4
2011-05-09,9.53,24.99,108.08
2011-05-10,9.39,25.61,111.48
2011-05-11,9.55,25.71,111.35
2011-05-12,10.04,26.15,107.19
2011-05-13,9.64,25.38,108.93
2011-05-16,9.55,25.89,107.79
2011-05-17,9.86,25.93,106.6
2011-05-18,9.76,26.22,107.4
2011-05-19,9.78,26.1,107.88
2011-05-20,10.25,26.72,107.42
2011-05-23,10.05,26.17,105.46
2011-05-24,10.1,26.31,107.3
2011-05-25,9.68,25.61,107.99
2011-05-26,9.38,25.09,109.83
2011-05-27,9.19,24.91,110.27
2011-05-31,9.13,24.18,111.2
2011-06-01,9.08,24.19,111.44
2011-06-02,9.04,23.43,109.91
2011-06-03,9.04,22.96,110.44
2011-06-06,8.91,22.92,110.09
2011-06-07,8.65,22.23,110.66
2011-06-08,8.51,22.33,111.93
2011-06-09,8.28,21.78,113.43
2011-06-10,8.15,22.01,113.45
2011-06-13,8.18,22.12,113.33
2011-06-14,8.3,22.53,113.59
2011-06-15,8.1,22.34,112.62
2011-06-16,8.23,22.6,109.55
2011-06-17,8.39,23.07,107.51
2011-06-20,8.48,23.86,107.41
2011-06-21,8.64,24.35,107.82
2011-06-22,8.6,24.6,107.96
2011-06-23,8.75,24.76,106.08
2011-06-24,8.68,23.42,102.91
2011-06-27,8.73,23.3,101.55
2011-06-28,9.15,23.19,103.59
2011-06-29,9.14,23.17,106.19
2011-06-30,8.92,22.96,107.5
2011-07-01,9.02,22.8,106.45
2011-07-05,8.88,22.98,107.12
2011-07-06,8.45,22.67,108.26
2011-07-07,8.42,22.33,110.76
2011-07-08,8.31,22.31,112.68
2011-07-11,8.19,22.59,111.35
2011-07-12,8.02,22.25,111.07
2011-07-13,8.03,21.96,113.25
2011-07-14,7.89,21.69,112.74
2011-07-15,7.65,21.22,112.2
2011-07-18,7.16,20.65,112.31
2011-07-19,7.08,20.59,112.68
2011-07-20,7.12,20.73,113.54
2011-07-21,6.87,20.92,113.2
2011-07-22,7.0,20.22,113.66
2011-07-25,6.71,19.81,113.33
2011-07-26,6.48,18.98,113.65
2011-07-27,6.34,18.63,113.4
2011-07-28,6.18,18.0,113.36
2011-07-29,5.92,16.87,112.18
2011-08-01,6.4,18.53,113.57
2011-08-02,5.9,17.99,111.85
2011-08-03,5.63,17.21,110.55
2011-08-04,5.82,18.18,107.48
2011-08-05,5.74,17.32,103.3
2011-08-08,5.13,16.61,102.37
2011-08-09,5.13,16.91,101.53
2011-08-10,5.69,17.92,101.2
2011-08-11,5.45,17.38,103.29
2011-08-12,5.58,18.08,103.81
2011-08-15,5.57,17.83,104.78
2011-08-16,5.75,18.0,105.42
2011-08-17,5.99,18.89,106.88
2011-08-18,5.41,18.23,105.42
2011-08-19,5.25,17.65,103.36
2011-08-22,5.36,18.13,103.84
2011-08-23,5.28,16.91,105.91
2011-08-24,5.33,17.4,106.53
2011-08-25,5.33,17.49,107.61
2011-08-26,5.05,17.16,107.52
2011-08-29,5.33,18.12,108.36
2011-08-30,5.49,18.5,109.48
2011-08-31,5.59,18.91,111.4
2011-09-01,5.54,18.5,111.21
2011-09-02,5.14,18.05,110.37
2011-09-06,5.08,17.68,108.32
2011-09-07,5.18,17.89,111.33
2011-09-08,5.17,18.39,112.15
2011-09-09,5.09,17.88,110.4
2011-09-12,4.95,17.77,107.86
2011-09-13,4.9,18.13,108.42
2011-09-14,5.7,19.5,107.91
2011-09-15,5.85,20.22,109.58
2011-09-16,5.91,20.47,110.69
2011-09-19,5.77,20.2,108.68
2011-09-20,5.88,20.81,108.29
2011-09-21,5.94,20.67,108.99
2011-09-22,5.72,19.57,105.11
2011-09-23,5.68,19.02,104.37
2011-09-26,6.26,20.61,101.81
2011-09-27,6.57,21.79,104.53
2011-09-28,6.11,20.65,104.34
2011-09-29,6.28,21.15,103.11
2011-09-30,5.96,20.34,101.57
2011-10-03,5.44,19.16,99.71
2011-10-04,4.61,17.37,98.59
2011-10-05,4.97,17.97,99.9
2011-10-06,5.18,18.75,101.63
2011-10-07,5.42,19.8,103.22
2011-10-10,5.39,19.22,104.67
2011-10-11,5.29,19.15,105.61
2011-10-12,5.91,19.87,107.68
2011-10-13,6.16,20.3,107.05
2011-10-14,6.48,21.01,109.01
2011-10-17,6.02,20.57,110.13
2011-10-18,5.81,20.22,107.94
2011-10-19,6.02,20.29,108.65
2011-10-20,5.8,20.01,107.19
2011-10-21,6.1,20.76,108.31
2011-10-24,5.8,20.5,109.11
2011-10-25,5.87,20.77,109.47
2011-10-26,5.74,20.42,108.83
2011-10-27,5.93,20.55,109.09
2011-10-28,5.8,19.97,109.15
2011-10-31,5.87,19.27,107.12
2011-11-01,5.57,18.86,106.35
2011-11-02,5.62,19.2,108.65
2011-11-03,5.4,19.01,107.95
2011-11-04,5.49,18.63,109.96
2011-11-07,5.5,18.61,111.08
2011-11-08,5.44,18.82,113.79
2011-11-09,5.07,17.76,113.13
2011-11-10,5.1,17.84,111.67
2011-11-11,4.91,17.5,113.01
2011-11-14,5.03,18.12,112.69
2011-11-15,4.95,18.26,112.19
2011-11-16,4.75,17.64,112.26
2011-11-17,4.53,16.99,110.82
2011-11-18,4.41,16.92,109.12
2011-11-21,4.33,16.37,107.74
2011-11-22,4.25,16.08,108.34
2011-11-23,4.02,15.91,108.32
2011-11-25,3.99,15.77,107.73
2011-11-28,4.21,16.75,108.75
2011-11-29,4.36,16.81,109.74
2011-11-30,4.64,17.6,110.38
2011-12-01,4.9,18.05,109.36
2011-12-02,5.0,19.23,109.61
2011-12-05,5.01,19.79,110.3
2011-12-06,5.09,19.72,109.49
2011-12-07,5.25,20.01,110.05
2011-12-08,5.49,20.35,108.98
2011-12-09,5.37,19.81,107.45
2011-12-12,5.46,20.43,107.33
2011-12-13,5.66,20.89,107.65
2011-12-14,5.31,19.89,106.88
2011-12-15,5.64,19.88,104.6
2011-12-16,5.77,20.9,103.57
2011-12-19,6.18,21.33,102.91
2011-12-20,5.98,20.67,105.05
2011-12-21,5.88,20.55,106.98
2011-12-22,5.83,20.33,107.49
2011-12-23,5.7,19.98,107.65
2011-12-27,5.56,19.87,107.77
2011-12-28,5.47,19.2,107.52
2011-12-29,5.22,18.99,106.75
2011-12-30,5.19,18.75,106.84
2012-01-03,5.2,19.23,109.4
2012-01-04,5.09,18.9,111.73
2012-01-05,5.15,18.45,113.0
2012-01-06,5.44,18.5,112.23
2012-01-09,5.56,18.35,112.51
2012-01-10,5.81,18.05,112.98
2012-01-11,5.69,17.31,112.9
2012-01-12,5.9,18.0,112.93
2012-01-13,5.96,18.45,111.75
2012-01-17,6.01,18.53,112.24
2012-01-18,5.86,18.18,111.78
2012-01-19,6.06,18.35,111.59
2012-01-20,6.24,19.04,111.37
2012-01-23,6.43,19.26,111.78
2012-01-24,6.21,18.8,111.49
2012-01-25,7.0,20.19,110.7
2012-01-26,7.78,21.33,111.26
2012-01-27,7.8,21.58,111.31
2012-01-30,8.52,22.4,111.11
2012-01-31,8.46,22.84,111.21
2012-02-01,8.47,23.15,110.61
2012-02-02,8.97,23.27,110.82
2012-02-03,9.35,24.3,111.26
2012-02-06,9.61,24.63,113.39
2012-02-07,9.16,24.24,114.68
2012-02-08,9.24,23.91,115.18
2012-02-09,9.15,23.89,116.26
2012-02-10,8.84,23.7,116.41
2012-02-13,8.98,23.91,117.19
2012-02-14,9.08,23.79,116.63
2012-02-15,9.05,23.65,117.94
2012-02-16,8.85,23.2,118.13
2012-02-17,9.12,23.64,118.59
2012-02-21,8.87,23.1,119.19
2012-02-22,7.9,21.2,120.87
2012-02-23,7.73,20.82,121.69
2012-02-24,7.22,20.73,122.86
2012-02-27,7.07,20.47,123.24
2012-02-28,7.03,20.01,122.14
2012-02-29,7.31,20.51,120.79
2012-03-01,7.45,20.62,122.12
2012-03-02,7.45,20.49,123.12
2012-03-05,7.39,20.77,122.39
2012-03-06,6.92,20.34,122.02
2012-03-07,6.96,20.04,121.81
2012-03-08,6.88,19.37,124.17
2012-03-09,6.95,20.05,124.19
2012-03-12,7.0,19.68,123.92
2012-03-13,7.0,19.77,124.64
2012-03-14,6.95,19.73,124.34
2012-03-15,7.07,19.59,123.08
2012-03-16,7.64,20.41,122.96
2012-03-19,7.11,19.93,124.12
2012-03-20,7.22,20.63,123.09
2012-03-21,7.66,20.98,122.95
2012-03-22,7.58,20.81,121.83
2012-03-23,7.4,20.0,122.81
2012-03-26,7.63,20.66,123.53
2012-03-27,7.73,20.94,123.54
2012-03-28,7.62,21.09,122.29
2012-03-29,7.72,21.68,121.61
2012-03-30,7.91,21.95,120.89
2012-04-02,7.59,21.51,121.62
2012-04-03,7.49,21.48,122.95
2012-04-04,7.88,21.5,121.94
2012-04-05,7.84,21.31,121.15
2012-04-09,7.75,21.21,120.4
2012-04-10,7.75,21.27,119.38
2012-04-11,7.58,20.89,117.8
2012-04-12,7.65,21.16,118.72
2012-04-13,7.82,21.44,119.1
2012-04-16,7.86,21.57,116.98
2012-04-17,8.17,22.22,116.27
2012-04-18,8.12,22.92,115.73
2012-04-19,8.17,22.79,116.24
2012-04-20,9.77,23.26,116.46
2012-04-23,9.15,22.76,115.5
2012-04-24,9.06,22.76,115.8
2012-04-25,9.63,23.08,116.05
2012-04-26,9.53,23.16,117.14
2012-04-27,9.84,22.08,117.25
2012-04-30,10.27,22.13,117.2
2012-05-01,10.28,21.96,117.08
2012-05-02,10.15,21.96,116.68
2012-05-03,10.35,21.68,115.31
2012-05-04,10.73,21.79,112.23
2012-05-07,10.65,22.45,110.12
2012-05-08,11.0,23.48,109.58
2012-05-09,10.9,23.64,109.85
2012-05-10,10.92,23.57,110.06
2012-05-11,10.82,23.56,109.24
2012-05-14,11.44,23.98,108.14
2012-05-15,11.23,24.06,108.7
2012-05-16,11.12,23.69,108.14
2012-05-17,11.22,23.67,107.1
2012-05-18,10.23,21.88,105.16
2012-05-21,10.07,21.1,105.93
2012-05-22,10.75,22.02,106.16
2012-05-23,10.5,21.77,104.16
2012-05-24,11.19,22.43,103.49
2012-05-25,12.16,23.59,104.59
2012-05-29,12.41,23.76,105.13
2012-05-30,12.6,23.77,102.75
2012-05-31,12.76,24.4,101.06
2012-06-01,13.01,25.15,97.44
2012-06-04,12.63,24.13,95.48
2012-06-05,11.28,22.61,96.19
2012-06-06,11.82,23.68,97.89
2012-06-07,11.82,23.77,97.7
2012-06-08,11.34,22.3,95.87
2012-06-11,12.22,23.68,97.34
2012-06-12,11.49,22.16,94.99
2012-06-13,11.58,22.12,95.56
2012-06-14,12.06,22.86,95.22
2012-06-15,12.39,22.68,96.02
2012-06-18,12.03,22.38,95.03
2012-06-19,12.5,23.11,93.73
2012-06-20,12.65,23.76,93.08
2012-06-21,13.2,24.5,89.48
2012-06-22,13.26,24.35,88.74
2012-06-25,13.0,23.99,88.92
2012-06-26,12.83,23.51,90.13
2012-06-27,12.79,24.06,90.91
2012-06-28,13.13,23.89,90.92
2012-06-29,13.51,24.44,92.99
2012-07-02,13.43,24.43,94.07
2012-07-03,13.49,24.45,96.44
2012-07-05,13.25,23.85,98.34
2012-07-06,13.31,23.51,96.84
2012-07-09,13.82,24.25,96.83
2012-07-10,13.55,24.06,96.33
2012-07-11,13.86,24.0,96.74
2012-07-12,13.98,23.98,97.32
2012-07-13,14.06,23.78,99.1
2012-07-16,14.4,24.0,99.93
2012-07-17,14.2,24.33,101.29
2012-07-18,14.01,23.57,101.73
2012-07-19,13.58,23.12,103.71
2012-07-20,12.42,21.92,103.7
2012-07-23,11.88,21.36,100.07
2012-07-24,12.05,21.49,100.51
2012-07-25,12.17,20.82,100.21
2012-07-26,11.31,19.51,101.47
2012-07-27,11.34,19.25,102.92
2012-07-30,11.3,18.96,102.94
2012-07-31,11.31,19.06,102.22
2012-08-01,11.29,18.76,102.54
2012-08-02,10.73,18.12,103.07
2012-08-03,10.82,18.56,104.46
2012-08-06,10.94,18.26,105.67
2012-08-07,10.84,18.47,107.58
2012-08-08,9.93,18.39,108.36
2012-08-09,10.36,18.38,108.39
2012-08-10,10.17,17.99,109.1
2012-08-13,10.2,18.34,109.67
2012-08-14,10.17,18.19,110.1
2012-08-15,10.08,18.14,110.65
2012-08-16,10.26,18.29,112.11
2012-08-17,9.94,18.22,111.56
2012-08-20,10.08,18.32,111.49
2012-08-21,10.63,19.5,112.28
2012-08-22,11.34,19.51,112.2
2012-08-23,11.65,19.54,113.56
2012-08-24,11.0,19.15,112.12
2012-08-27,11.16,19.34,112.04
2012-08-28,10.99,18.93,110.22
2012-08-29,10.8,18.5,109.9
2012-08-30,10.41,18.29,110.66
2012-08-31,10.89,18.4,111.17
2012-09-04,10.61,18.4,112.85
2012-09-05,10.4,18.02,111.2
2012-09-06,10.95,19.15,111.75
2012-09-07,11.39,19.23,111.55
2012-09-10,12.1,19.77,112.32
2012-09-11,11.96,19.87,112.68
2012-09-12,11.65,19.78,113.36
2012-09-13,11.81,20.24,113.47
2012-09-14,11.17,20.07,114.87
2012-09-17,10.63,19.91,113.72
2012-09-18,10.46,19.61,110.95
2012-09-19,10.53,19.69,108.43
2012-09-20,10.87,20.51,105.88
2012-09-21,10.83,20.31,108.15
2012-09-24,10.66,20.05,107.47
2012-09-25,10.56,20.18,107.99
2012-09-26,10.31,19.85,106.84
2012-09-27,10.43,20.01,108.21
2012-09-28,10.31,19.35,109.68
2012-10-01,10.35,19.48,109.29
2012-10-02,10.77,19.81,109.32
2012-10-03,11.12,20.18,107.08
2012-10-04,11.83,21.26,106.99
2012-10-05,11.79,21.12,108.77
2012-10-08,11.76,21.27,107.94
2012-10-09,11.57,20.8,109.46
2012-10-10,11.3,20.54,110.94
2012-10-11,11.35,20.26,111.35
2012-10-12,11.2,19.96,111.06
2012-10-15,11.47,20.29,110.7
2012-10-16,11.46,20.4,111.09
2012-10-17,11.46,20.23,110.24
2012-10-18,11.63,20.65,109.77
2012-10-19,11.63,20.51,108.99
2012-10-22,11.49,20.13,107.13
2012-10-23,11.87,20.69,105.94
2012-10-24,12.37,20.48,105.68
2012-10-25,12.23,19.67,105.83
2012-10-26,12.23,19.15,106.37
2012-10-31,11.8,18.85,106.16
2012-11-01,12.17,19.17,106.26
2012-11-02,12.6,19.57,105.06
2012-11-05,12.57,19.72,103.42
2012-11-06,12.61,20.15,105.79
2012-11-07,12.55,20.25,106.87
2012-11-08,12.5,20.39,104.58
2012-11-09,12.94,21.02,105.21
2012-11-12,12.72,21.09,106.59
2012-11-13,12.34,20.9,105.97
2012-11-14,12.65,21.02,106.21
2012-11-15,12.03,19.95,107.23
2012-11-16,12.02,19.52,107.04
2012-11-19,11.78,19.57,108.76
2012-11-20,12.04,19.8,108.33
2012-11-21,12.47,19.83,107.88
2012-11-23,12.48,20.0,108.08
2012-11-26,12.41,20.08,108.48
2012-11-27,12.54,20.11,108.07
2012-11-28,12.71,20.12,106.99
2012-11-29,12.98,20.2,107.46
2012-11-30,12.98,20.15,108.59
2012-12-03,12.92,20.13,108.44
2012-12-04,12.72,19.92,107.66
2012-12-05,12.46,19.92,107.2
2012-12-06,12.13,19.9,105.64
2012-12-07,12.66,20.5,104.75
2012-12-10,12.79,20.45,105.01
2012-12-11,12.86,20.79,104.8
2012-12-12,12.89,21.74,105.83
2012-12-13,12.76,21.38,106.01
2012-12-14,12.95,22.83,105.77
2012-12-17,13.1,23.6,106.07
2012-12-18,12.85,23.43,106.38
2012-12-19,12.97,23.64,107.1
2012-12-20,13.49,23.98,107.2
2012-12-21,13.25,23.91,106.63
2012-12-24,13.34,23.93,105.91
2012-12-26,13.25,23.65,106.92
2012-12-27,13.24,23.76,108.03
2012-12-28,13.0,23.04,107.87
2012-12-31,12.85,22.97,107.76
2013-01-02,13.72,23.83,108.96
2013-01-03,14.02,23.95,109.15
2013-01-04,13.8,24.85,108.68
2013-01-07,14.79,25.72,108.15
2013-01-08,14.89,25.95,108.72
2013-01-09,15.12,25.56,109.01
2013-01-10,15.2,25.77,109.3
2013-01-11,15.1,25.39,108.2
2013-01-14,14.81,25.84,108.06
2013-01-15,14.24,25.28,108.35
2013-01-16,14.39,25.93,107.75
2013-01-17,14.83,26.23,108.01
2013-01-18,14.52,25.65,108.92
2013-01-22,14.47,24.79,109.48
2013-01-23,15.32,25.5,109.71
2013-01-24,15.04,25.32,109.88
2013-01-25,14.7,24.89,110.2
2013-01-28,15.0,25.34,110.15
2013-01-29,14.98,24.59,110.52
2013-01-30,14.46,24.19,111.43
2013-01-31,14.28,24.02,112.3
2013-02-01,14.43,24.27,112.62
2013-02-04,14.08,24.06,112.99
2013-02-05,14.13,24.05,112.68
2013-02-06,14.06,24.28,113.1
2013-02-07,14.91,25.27,113.67
2013-02-08,15.07,25.9,114.44
2013-02-11,14.89,26.31,114.36
2013-02-12,14.45,26.29,114.3
2013-02-13,14.3,25.9,114.94
2013-02-14,14.94,26.11,114.67
2013-02-15,13.93,26.03,114.23
2013-02-19,14.33,26.31,113.62
2013-02-20,14.17,26.64,113.28
2013-02-21,13.62,26.27,111.27
2013-02-22,13.57,26.0,110.94
2013-02-25,13.6,26.58,111.2
2013-02-26,13.14,26.29,110.1
2013-02-27,13.28,26.01,109.69
2013-02-28,13.49,26.96,108.62
2013-03-01,13.37,26.58,106.79
2013-03-04,13.5,27.22,106.12
2013-03-05,14.01,28.89,106.99
2013-03-06,14.52,29.67,107.64
2013-03-07,14.7,29.3,107.31
2013-03-08,14.99,29.99,107.06
2013-03-11,14.85,30.93,106.96
2013-03-12,15.14,30.59,106.51
2013-03-13,15.54,30.05,106.05
2013-03-14,15.98,30.78,105.88
2013-03-15,16.45,31.12,106.62
2013-03-18,15.8,30.68,106.36
2013-03-19,16.48,31.35,106.52
2013-03-20,17.13,31.97,105.85
2013-03-21,17.21,32.17,105.69
2013-03-22,17.1,32.32,105.13
2013-03-25,16.92,32.07,105.48
2013-03-26,16.67,31.9,105.86
2013-03-27,16.48,31.6,106.79
2013-03-28,17.0,32.28,107.23
2013-04-01,17.02,31.27,106.97
2013-04-02,16.48,30.57,108.16
2013-04-03,15.82,29.56,106.8
2013-04-04,15.12,28.76,104.21
2013-04-05,15.17,28.4,103.1
2013-04-08,15.82,29.39,102.35
2013-04-09,16.07,29.93,102.72
2013-04-10,15.74,29.53,103.26
2013-04-11,15.77,29.8,102.44
2013-04-12,16.11,30.18,100.63
2013-04-15,16.2,30.51,98.56
2013-04-16,15.96,29.68,97.15
2013-04-17,16.17,30.71,96.71
2013-04-18,16.54,30.91,96.35
2013-04-19,16.1,30.27,97.4
2013-04-22,15.99,30.6,97.75
2013-04-23,15.33,29.78,97.52
2013-04-24,16.26,31.1,98.96
2013-04-25,16.55,31.18,99.89
2013-04-26,16.38,31.0,100.7
2013-04-29,16.7,31.0,100.91
2013-04-30,16.8,32.17,100.65
2013-05-01,16.91,32.36,99.97
2013-05-02,16.72,32.02,98.97
2013-05-03,17.02,32.83,101.47
2013-05-06,17.05,33.08,102.61
2013-05-07,17.15,33.63,102.75
2013-05-08,17.01,33.45,102.11
2013-05-09,17.53,33.34,101.67
2013-05-10,17.61,32.79,101.07
2013-05-13,17.74,32.88,100.47
2013-05-14,17.82,33.15,100.29
2013-05-15,18.37,33.33,99.66
2013-05-16,18.96,34.6,100.85
2013-05-17,19.38,34.73,101.45
2013-05-20,19.05,34.87,101.95
2013-05-21,18.55,34.14,101.39
2013-05-22,18.06,33.42,100.36
2013-05-23,17.48,32.88,99.03
2013-05-24,18.11,34.13,99.15
2013-05-28,18.44,34.63,101.11
2013-05-29,18.06,33.66,100.54
2013-05-30,17.92,33.07,99.77
2013-05-31,17.66,32.52,98.78
2013-06-03,17.54,32.61,98.88
2013-06-04,17.78,32.15,99.87
2013-06-05,17.15,32.18,101.09
2013-06-06,16.92,31.21,100.93
2013-06-07,16.89,31.31,101.64
2013-06-10,17.09,32.95,101.38
2013-06-11,16.94,32.15,100.72
2013-06-12,16.97,32.47,100.89
2013-06-13,16.85,32.1,101.26
2013-06-14,16.96,32.64,103.33
2013-06-17,17.02,32.85,103.85
2013-06-18,16.94,32.18,103.1
2013-06-19,17.16,32.36,103.78
2013-06-20,16.73,31.56,101.4
2013-06-21,16.8,31.32,99.82
2013-06-24,16.06,29.72,98.33
2013-06-25,16.22,29.86,99.79
2013-06-26,16.5,30.9,99.39
2013-06-27,16.29,30.93,100.37
2013-06-28,16.24,31.14,100.78
2013-07-01,16.5,31.3,100.1
2013-07-02,16.78,32.49,100.63
2013-07-03,16.06,31.08,102.24
2013-07-05,16.93,31.43,103.2
2013-07-08,16.94,32.0,103.96
2013-07-09,17.01,31.69,104.06
2013-07-10,17.32,31.95,104.69
2013-07-11,17.4,31.29,104.81
2013-07-12,17.36,30.59,104.82
2013-07-15,17.66,31.49,105.31
2013-07-16,17.86,31.99,105.39
2013-07-17,17.96,31.14,105.28
2013-07-18,18.7,33.69,106.11
2013-07-19,18.26,34.14,106.4
2013-07-22,18.25,34.51,106.14
2013-07-23,18.33,34.97,105.95
2013-07-24,18.43,34.95,105.44
2013-07-25,18.49,35.07,105.28
2013-07-26,18.74,33.93,105.1
2013-07-29,19.07,36.09,105.21
2013-07-30,19.33,35.17,104.92
2013-07-31,19.25,34.99,104.97
2013-08-01,19.44,35.06,106.1
2013-08-02,19.38,35.32,106.65
2013-08-05,18.9,35.64,106.43
2013-08-06,19.17,34.92,105.56
2013-08-07,18.84,33.54,104.89
2013-08-08,18.99,34.44,104.47
2013-08-09,18.91,34.78,104.94
2013-08-12,18.49,33.52,105.27
2013-08-13,18.86,33.37,106.75
2013-08-14,16.05,30.38,106.69
2013-08-15,15.97,30.04,107.96
2013-08-16,15.7,30.2,107.8
2013-08-19,15.97,30.75,107.83
2013-08-20,15.64,30.12,107.06
2013-08-21,15.8,30.0,106.95
2013-08-22,15.91,29.78,107.58
2013-08-23,16.3,30.24,108.25
2013-08-26,16.16,29.71,108.36
2013-08-27,15.87,29.25,109.28
2013-08-28,15.38,27.87,112.25
2013-08-29,16.03,28.54,112.8
2013-08-30,16.1,28.57,111.55
2013-09-03,16.38,29.48,111.2
2013-09-04,16.49,29.08,111.55
2013-09-05,16.95,29.29,111.47
2013-09-06,17.18,29.89,112.1
2013-09-09,16.86,29.98,111.39
2013-09-10,17.69,31.39,109.26
2013-09-11,18.03,33.01,109.4
2013-09-12,17.69,32.74,109.83
2013-09-13,17.71,31.65,109.87
2013-09-16,18.16,32.96,109.04
2013-09-17,18.57,33.04,107.64
2013-09-18,18.68,32.88,107.26
2013-09-19,18.67,33.26,108.4
2013-09-20,18.94,33.89,107.34
2013-09-23,18.89,33.29,106.52
2013-09-24,18.79,33.16,105.8
2013-09-25,19.13,33.93,106.53
2013-09-26,19.17,34.2,106.34
2013-09-27,19.09,32.12,106.47
2013-09-30,18.34,30.58,105.61
2013-10-01,18.98,30.83,105.42
2013-10-02,20.0,31.72,106.08
2013-10-03,20.0,31.04,106.79
2013-10-04,20.31,31.61,106.94
2013-10-07,20.41,31.67,106.45
2013-10-08,20.32,31.1,107.36
2013-10-09,20.08,30.37,106.94
2013-10-10,20.35,30.48,107.69
2013-10-11,20.5,30.18,108.15
2013-10-14,20.52,29.96,108.0
2013-10-15,20.64,29.9,107.64
2013-10-16,20.57,29.85,107.19
2013-10-17,20.72,29.92,107.02
2013-10-18,21.23,31.37,106.54
2013-10-21,21.23,30.9,106.76
2013-10-22,21.53,31.0,106.77
2013-10-23,21.82,31.19,106.34
2013-10-24,22.08,30.72,105.57
2013-10-25,22.76,30.72,104.97
2013-10-28,22.24,31.27,105.75
2013-10-29,22.76,32.35,106.36
2013-10-30,22.38,34.03,106.31
2013-10-31,22.6,33.82,106.75
2013-11-01,22.04,33.95,105.53
2013-11-04,22.6,35.57,104.22
2013-11-05,22.75,35.96,103.83
2013-11-06,23.26,35.8,103.82
2013-11-07,22.53,34.66,102.64
2013-11-08,22.16,33.64,102.12
2013-11-11,23.25,35.41,103.39
2013-11-12,23.26,35.4,103.6
2013-11-13,24.22,36.81,103.52
2013-11-14,23.79,36.1,104.67
2013-11-15,23.73,36.48,105.24
2013-11-18,24.22,36.92,105.04
2013-11-19,24.55,37.84,105.02
2013-11-20,24.29,38.08,104.58
2013-11-21,24.07,37.05,105.4
2013-11-22,24.2,37.97,106.73
2013-11-25,24.45,38.97,106.07
2013-11-26,24.17,39.84,107.36
2013-11-27,23.92,39.24,107.14
2013-11-29,24.12,39.58,107.07
2013-12-02,23.55,39.31,106.74
2013-12-03,22.99,38.42,108.08
2013-12-04,22.38,36.94,108.92
2013-12-05,22.27,37.51,108.22
2013-12-06,22.72,37.18,108.0
2013-12-09,23.95,36.68,107.72
2013-12-10,24.54,37.66,106.83
2013-12-11,25.44,37.57,106.81
2013-12-12,26.2,36.39,106.96
2013-12-13,25.61,37.95,105.95
2013-12-16,26.63,38.74,106.92
2013-12-17,26.47,38.48,106.57
2013-12-18,25.99,37.36,106.74
2013-12-19,26.09,37.42,107.49
2013-12-20,26.16,37.31,108.15
2013-12-23,26.29,37.56,108.73
2013-12-24,26.0,36.96,108.76
2013-12-27,25.95,38.07,109.35
2013-12-30,24.87,36.88,108.57
2013-12-31,24.74,37.43,107.94
2014-01-02,25.07,37.7,106.85
2014-01-03,25.75,38.44,104.99
2014-01-06,26.62,40.11,104.33
2014-01-07,27.2,39.58,104.51
2014-01-08,26.37,39.0,104.43
2014-01-09,28.24,44.13,104.28
2014-01-10,29.05,44.07,104.09
2014-01-13,29.18,45.31,103.93
2014-01-14,28.75,44.81,103.92
2014-01-15,28.9,46.5,104.28
2014-01-16,28.94,46.08,104.39
2014-01-17,29.3,47.3,103.98
2014-01-21,30.66,47.55,105.26
2014-01-22,30.71,47.9,105.62
2014-01-23,30.65,48.1,106.11
2014-01-24,31.02,48.09,105.04
2014-01-27,30.4,46.14,104.62
2014-01-28,30.32,45.35,104.67
2014-01-29,32.24,45.54,104.57
2014-01-30,33.36,45.97,105.09
2014-01-31,33.44,46.29,104.45
2014-02-03,33.95,45.91,102.55
2014-02-04,34.04,44.17,102.55
2014-02-05,33.82,43.49,102.63
2014-02-06,33.71,43.64,103.34
2014-02-07,34.81,45.03,104.41
2014-02-10,36.1,45.45,105.52
2014-02-11,35.58,45.43,105.3
2014-02-12,34.89,44.06,105.46
2014-02-13,34.07,43.99,105.27
2014-02-14,34.85,45.02,105.58
2014-02-18,34.73,44.47,106.53
2014-02-19,34.25,43.53,107.15
2014-02-20,34.43,43.33,106.79
2014-02-21,35.78,45.46,106.68
2014-02-24,36.2,45.64,106.7
2014-02-25,36.63,46.89,106.55
2014-02-26,37.12,47.25,106.49
2014-02-27,36.88,46.81,106.1
2014-02-28,36.11,45.22,105.92
2014-03-03,36.17,44.26,107.8
2014-03-04,36.57,44.73,106.3
2014-03-05,37.6,45.42,105.24
2014-03-06,38.28,47.59,104.37
2014-03-07,39.17,48.22,104.98
2014-03-10,38.7,47.71,104.48
2014-03-11,38.65,46.63,104.38
2014-03-12,37.97,45.99,103.75
2014-03-13,37.9,46.18,103.71
2014-03-14,36.0,44.69,103.83
2014-03-17,36.62,44.98,103.85
2014-03-18,37.75,45.64,103.29
2014-03-19,37.27,45.2,103.16
2014-03-20,36.61,44.47,102.37
2014-03-21,36.76,45.43,103.3
2014-03-24,36.25,45.03,103.13
2014-03-25,36.88,44.68,103.39
2014-03-26,38.15,45.48,103.62
2014-03-27,36.62,44.0,103.79
2014-03-28,35.77,44.0,104.27
2014-03-31,35.84,43.26,104.08
2014-04-01,36.95,45.97,103.25
2014-04-02,38.24,47.01,101.72
2014-04-03,37.72,47.03,101.57
2014-04-04,37.41,46.81,103.12
2014-04-07,36.78,44.5,102.16
2014-04-08,36.0,44.23,103.16
2014-04-09,36.08,43.18,104.22
2014-04-10,36.7,44.41,104.33
2014-04-11,34.1,41.97,104.07
2014-04-14,34.0,41.88,104.81
2014-04-15,33.52,41.78,105.21
2014-04-16,34.17,42.27,106.06
2014-04-17,35.5,44.0,105.53
2014-04-21,35.08,43.42,105.34
2014-04-22,35.76,44.05,105.19
2014-04-23,37.14,47.06,104.99
2014-04-24,37.84,44.18,105.2
2014-04-25,37.0,41.52,105.37
2014-04-28,36.41,39.63,105.43
2014-04-29,35.2,39.35,104.95
2014-04-30,35.68,41.66,103.95
2014-05-01,35.86,40.77,103.77
2014-05-02,36.27,41.01,104.25
2014-05-05,36.08,40.26,104.35
2014-05-06,37.14,40.55,103.69
2014-05-07,36.53,40.08,103.68
2014-05-08,37.25,39.77,103.94
2014-05-09,37.96,40.28,104.46
2014-05-12,38.35,40.33,104.21
2014-05-13,38.95,41.55,104.5
2014-05-14,39.08,41.9,105.62
2014-05-15,38.55,41.48,105.66
2014-05-16,38.01,40.61,105.95
2014-05-19,38.49,40.3,106.43
2014-05-20,38.54,41.26,106.18
2014-05-21,38.28,40.43,106.82
2014-05-22,38.3,41.26,107.0
2014-05-23,38.53,42.0,106.92
2014-05-27,39.38,43.81,106.79
2014-05-28,39.4,43.61,106.35
2014-05-29,39.89,44.78,106.45
2014-05-30,39.83,44.61,105.91
2014-06-02,40.0,44.49,105.6
2014-06-03,41.13,46.63,105.14
2014-06-04,41.36,47.4,105.56
2014-06-05,43.0,46.93,104.73
2014-06-06,42.45,47.25,105.38
2014-06-09,44.0,47.6,105.72
2014-06-10,43.5,46.26,105.89
2014-06-11,42.9,46.99,106.02
2014-06-12,41.27,44.02,107.46
2014-06-13,40.25,42.65,109.31
2014-06-16,39.68,42.49,109.09
2014-06-17,41.08,42.58,108.81
2014-06-18,41.93,43.82,109.6
2014-06-19,42.82,44.24,110.26
2014-06-20,43.04,43.8,110.48
2014-06-23,44.3,43.64,110.3
2014-06-24,44.14,43.15,109.62
2014-06-25,42.9,41.58,109.63
2014-06-26,43.96,41.49,109.38
2014-06-27,44.3,41.6,109.17
2014-06-30,44.04,41.62,108.59
2014-07-01,43.44,41.74,108.68
2014-07-02,42.89,40.89,108.35
2014-07-03,42.61,39.55,107.17
2014-07-07,41.72,39.87,106.89
2014-07-08,39.14,37.44,106.25
2014-07-09,42.08,40.55,105.49
2014-07-10,41.0,41.6,105.16
2014-07-11,42.91,44.96,104.87
2014-07-14,43.26,45.73,104.12
2014-07-15,43.33,45.24,103.65
2014-07-16,44.0,45.35,104.44
2014-07-17,43.04,44.68,105.04
2014-07-18,42.23,43.76,105.54
2014-07-21,42.91,44.25,105.07
2014-07-22,42.7,44.09,105.74
2014-07-23,42.72,44.75,105.3
2014-07-24,42.5,48.93,105.22
2014-07-25,42.25,45.52,105.31
2014-07-28,41.87,46.8,105.11
2014-07-29,40.65,46.77,105.44
2014-07-30,39.9,47.43,105.21
2014-07-31,38.9,46.04,103.6
2014-08-01,38.75,46.5,102.89
2014-08-04,39.49,46.68,102.58
2014-08-05,37.89,45.68,102.23
2014-08-06,36.56,43.55,102.05
2014-08-07,37.7,44.09,102.22
2014-08-08,36.56,43.23,103.1
2014-08-11,37.79,43.41,102.29
2014-08-12,38.14,43.41,101.66
2014-08-13,37.64,43.09,100.88
2014-08-14,38.5,44.15,100.99
2014-08-15,39.98,46.0,99.94
2014-08-18,39.6,46.4,99.42
2014-08-19,40.96,47.8,98.93
2014-08-20,40.4,47.98,99.52
2014-08-21,40.75,49.45,99.03
2014-08-22,39.6,48.19,99.19
2014-08-25,40.23,48.8,99.09
2014-08-26,39.55,48.65,99.82
2014-08-27,39.36,48.18,100.06
2014-08-28,38.71,47.83,99.97
2014-08-29,39.1,48.15,99.99
2014-09-02,39.0,48.0,98.95
2014-09-03,39.73,48.74,98.66
2014-09-04,39.37,49.27,99.15
2014-09-05,38.51,50.29,98.38
2014-09-08,37.96,51.13,97.0
2014-09-09,37.63,50.9,96.99
2014-09-10,37.93,51.0,95.93
2014-09-11,38.73,52.0,95.35
2014-09-12,38.09,51.04,95.68
2014-09-15,37.6,50.41,94.68
2014-09-16,37.0,49.27,95.3
2014-09-17,37.92,49.84,95.84
2014-09-18,37.7,49.0,95.19
2014-09-19,38.06,50.02,94.44
2014-09-22,37.0,49.47,94.37
2014-09-23,35.04,47.73,94.31
2014-09-24,35.47,48.15,94.18
2014-09-25,35.88,47.96,94.25
2014-09-26,35.25,47.06,94.13
2014-09-29,35.35,46.68,94.54
2014-09-30,35.05,46.76,94.17
2014-10-01,34.72,45.62,92.19
2014-10-02,34.47,45.8,90.4
2014-10-03,34.66,46.93,90.33
2014-10-06,36.31,48.34,90.4
2014-10-07,34.75,46.63,89.37
2014-10-08,34.53,45.97,88.32
2014-10-09,33.5,46.2,88.27
2014-10-10,31.55,44.89,86.43
2014-10-13,31.07,44.08,85.93
2014-10-14,29.29,41.63,85.14
2014-10-15,30.22,40.48,81.89
2014-10-16,30.63,41.4,81.17
2014-10-17,33.88,44.25,83.19
2014-10-20,34.19,45.65,82.37
2014-10-21,36.14,48.13,82.09
2014-10-22,38.05,49.68,81.94
2014-10-23,37.43,46.66,81.67
2014-10-24,38.6,49.32,82.48
2014-10-27,39.6,49.64,82.37
2014-10-28,40.11,51.96,82.44
2014-10-29,40.07,52.31,83.24
2014-10-30,39.91,52.18,82.79
2014-10-31,41.1,52.94,81.97
2014-11-03,41.44,52.95,80.64
2014-11-04,42.83,54.99,78.67
2014-11-05,43.32,55.58,78.11
2014-11-06,42.59,54.85,78.27
2014-11-07,43.14,55.43,78.67
2014-11-10,42.5,53.7,78.98
2014-11-11,44.0,54.77,77.27
2014-11-12,43.25,54.28,76.96
2014-11-13,43.54,54.79,75.15
2014-11-14,44.0,56.25,73.47
2014-11-17,43.97,56.08,73.9
2014-11-18,43.755,56.23,74.36
2014-11-19,44.83,57.45,74.05
2014-11-20,43.65,56.79,74.03
2014-11-21,44.38,56.59,75.42
2014-11-24,43.72,56.13,75.7
2014-11-25,43.18,55.68,74.28
2014-11-26,44.31,56.53,73.7
2014-11-28,47.0,59.64,68.89
2014-12-01,49.0,61.0,66.44
2014-12-02,48.12,59.99,68.13
2014-12-03,47.74,59.53,67.31
2014-12-04,49.6,61.81,66.27
2014-12-05,50.09,62.58,65.32
2014-12-08,50.44,63.19,63.78
2014-12-09,49.1,61.64,62.33
2014-12-10,49.8,64.24,61.35
2014-12-11,49.8,64.44,60.5
2014-12-12,51.675,67.31,58.65
2014-12-15,50.21,64.19,57.92
2014-12-16,51.01,64.85,55.91
2014-12-17,48.26,62.07,55.64
2014-12-18,48.56,63.52,56.3
2014-12-19,49.67,63.42,55.52
2014-12-22,51.1,64.61,56.9
2014-12-23,50.95,64.09,55.59
2014-12-24,50.66,63.12,56.03
2014-12-26,51.46,65.2,56.14
2014-12-29,51.65,64.6,54.44
2014-12-30,53.0,65.3,52.39
2014-12-31,53.9,66.61,52.0
2015-01-02,54.28,67.74,51.78
2015-01-05,54.37,66.87,48.87
2015-01-06,54.27,66.63,46.57
2015-01-07,53.38,64.96,44.79
2015-01-08,53.48,65.7,45.68
2015-01-09,53.67,66.76,45.19
2015-01-12,51.06,66.16,43.55
2015-01-13,50.12,66.84,41.5
2015-01-14,49.41,65.11,41.65
2015-01-15,49.135,64.28,43.14
2015-01-16,49.38,63.56,43.4
2015-01-20,51.0,67.11,43.04
2015-01-21,52.65,67.61,43.25
2015-01-22,54.52,71.0,43.05
2015-01-23,55.4,72.26,43.69
2015-01-26,55.89,72.54,42.9
2015-01-27,53.99,72.21,43.24
2015-01-28,52.79,72.68,44.08
2015-01-29,51.045,71.38,43.88
2015-01-30,52.02,72.88,44.83
2015-02-02,48.58,69.08,48.19
2015-02-03,47.3,67.3,51.77
2015-02-04,48.62,68.8,52.22
2015-02-05,49.46,71.29,50.81
2015-02-06,48.84,69.04,53.36
2015-02-09,46.41,65.7,53.58
2015-02-10,47.4,65.4,53.14
2015-02-11,48.79,68.34,52.21
2015-02-12,46.75,66.01,52.86
2015-02-13,47.53,66.11,55.97
2015-02-17,48.77,66.5,56.69
2015-02-18,48.6,65.9,56.83
2015-02-19,50.78,68.45,56.29
2015-02-20,49.81,66.09,56.55
2015-02-23,51.75,69.03,54.09
2015-02-24,50.29,67.95,53.54
2015-02-25,51.3,70.56,53.81
2015-02-26,50.38,69.63,56.07
2015-02-27,49.0,67.51,56.83
2015-03-02,48.2,66.14,56.74
2015-03-03,47.9,66.2,55.94
2015-03-04,48.85,68.37,55.82
2015-03-05,49.19,69.3,55.77
2015-03-06,48.33,67.66,55.63
2015-03-09,48.05,66.9,54.53
2015-03-10,47.5,65.77,53.03
2015-03-11,46.9,65.05,52.25
2015-03-12,47.57,66.19,53.16
2015-03-13,48.75,68.02,51.66
2015-03-16,49.77,68.22,49.46
2015-03-17,52.63,68.46,48.76
2015-03-18,53.69,69.32,49.17
2015-03-19,54.57,68.83,50.17
2015-03-20,55.19,69.39,49.93
2015-03-23,55.47,69.77,50.3
2015-03-24,54.04,67.33,50.92
2015-03-25,53.62,67.55,50.83
2015-03-26,50.84,64.0,54.55
2015-03-27,51.38,65.51,52.93
2015-03-30,53.24,68.25,51.45
2015-03-31,53.66,67.95,51.06
2015-04-01,51.1,65.06,52.48
2015-04-02,50.48,64.24,52.93
2015-04-06,48.35,60.64,53.2
2015-04-07,48.3,60.58,54.61
2015-04-08,47.8,59.85,54.28
2015-04-09,48.86,62.26,53.52
2015-04-10,48.16,61.29,54.04
2015-04-13,47.47,60.57,55.86
2015-04-14,47.49,60.49,55.91
2015-04-15,48.0,61.65,57.01
2015-04-16,47.81,60.95,58.88
2015-04-17,47.96,61.69,59.52
2015-04-20,48.61,62.0,59.5
2015-04-21,50.0,62.7,58.84
2015-04-22,51.4,63.8,58.09
2015-04-23,51.07,62.74,59.14
2015-04-24,51.98,63.44,60.95
2015-04-27,52.68,62.94,61.06
2015-04-28,51.7,61.8,60.41
2015-04-29,50.58,61.0,60.92
2015-04-30,48.5,59.9,62.21
2015-05-01,48.65,60.34,62.23
2015-05-04,49.41,61.94,62.85
2015-05-05,48.21,59.91,63.62
2015-05-06,46.78,59.11,64.96
2015-05-07,47.4,59.81,63.98
2015-05-08,49.23,62.24,62.44
2015-05-11,49.0,62.7,62.03
2015-05-12,49.11,62.25,62.49
2015-05-13,49.27,62.45,63.77
2015-05-14,48.94,61.6,63.13
2015-05-15,49.41,62.21,62.74
2015-05-18,48.56,61.63,62.98
2015-05-19,49.45,62.74,61.11
2015-05-20,47.56,60.57,60.91
2015-05-21,43.19,54.6,61.86
2015-05-22,42.7,54.42,62.03
2015-05-26,43.05,54.1,60.73
2015-05-27,41.65,52.37,60.43
2015-05-28,42.25,53.7,59.33
2015-05-29,41.68,53.56,60.47
2015-06-01,42.61,54.76,60.46
2015-06-02,43.3,55.12,62.26
2015-06-03,43.35,56.19,61.49
2015-06-04,43.05,55.5,59.61
2015-06-05,42.13,54.62,58.61
2015-06-08,41.07,53.48,59.42
2015-06-09,38.8,50.35,60.27
2015-06-10,40.21,52.32,62.41
2015-06-11,40.79,52.91,62.14
2015-06-12,39.84,52.0,61.17
2015-06-15,40.35,52.49,60.17
2015-06-16,40.13,52.25,60.08
2015-06-17,39.27,51.2,60.27
2015-06-18,39.8,51.43,60.56
2015-06-19,40.3,52.64,59.98
2015-06-22,42.92,54.58,59.36
2015-06-23,42.98,55.84,59.96
2015-06-24,42.7,55.12,60.68
2015-06-25,42.65,54.9,59.58
2015-06-26,42.44,55.09,59.14
2015-06-29,40.77,53.85,58.24
2015-06-30,40.2,53.4,58.79
2015-07-01,40.65,54.05,59.81
2015-07-02,39.02,51.88,59.31
2015-07-06,39.09,52.05,55.79
2015-07-07,39.93,53.99,54.25
2015-07-08,40.3,53.44,53.78
2015-07-09,39.84,53.46,55.54
2015-07-10,40.51,54.69,55.99
2015-07-13,41.96,56.91,55.23
2015-07-14,42.04,55.96,54.55
2015-07-15,41.39,54.92,54.94
2015-07-16,41.81,55.88,54.23
2015-07-17,41.45,55.23,53.99
2015-07-20,41.55,55.69,53.79
2015-07-21,40.5,55.2,53.57
2015-07-22,40.96,55.81,53.45
2015-07-23,42.78,58.72,53.04
2015-07-24,43.0,57.78,52.08
2015-07-27,39.63,56.05,51.3
2015-07-28,40.18,57.08,50.55
2015-07-29,41.09,58.1,50.83
2015-07-30,40.58,57.09,51.46
2015-07-31,40.53,56.66,50.51
2015-08-03,40.24,56.86,48.4
2015-08-04,42.15,59.19,47.9
2015-08-05,42.85,59.41,47.89
2015-08-06,43.25,58.41,47.09
2015-08-07,42.21,57.25,46.95
2015-08-10,41.75,57.42,47.32
2015-08-11,41.74,57.22,47.66
2015-08-12,42.37,57.6,47.09
2015-08-13,42.76,57.65,47.29
2015-08-14,42.35,57.97,46.62
2015-08-17,42.96,58.49,45.96
2015-08-18,44.06,59.45,45.77
2015-08-19,43.53,58.26,45.39
2015-08-20,42.84,57.59,44.13
2015-08-21,41.4,55.92,43.0
2015-08-24,36.0,50.76,40.67
2015-08-25,39.39,54.37,40.47
2015-08-26,38.77,53.37,40.51
2015-08-27,39.17,54.3,42.37
2015-08-28,38.93,56.75,45.19
2015-08-31,38.63,57.14,47.01
2015-09-01,38.63,56.37,47.8
2015-09-02,40.0,57.8,45.56
2015-09-03,41.84,57.53,47.4
2015-09-04,40.4,56.8,46.83
2015-09-08,41.28,57.74,45.38
2015-09-09,41.15,57.0,45.96
2015-09-10,41.39,57.96,44.83
2015-09-11,41.22,56.77,44.64
2015-09-14,42.17,56.89,43.85
2015-09-15,42.36,57.49,43.13
2015-09-16,42.4,57.03,44.57
2015-09-17,43.11,58.19,45.1
2015-09-18,43.43,60.84,44.34
2015-09-21,43.72,60.36,43.81
2015-09-22,42.77,59.95,43.84
2015-09-23,41.32,58.52,44.69
2015-09-24,41.15,57.58,44.48
2015-09-25,40.93,56.99,43.76
2015-09-28,39.87,55.21,43.54
2015-09-29,39.05,53.83,43.51
2015-09-30,39.18,52.88,43.58
2015-10-01,38.5,52.95,44.48
2015-10-02,38.75,52.34,43.82
2015-10-05,38.9,52.03,44.95
2015-10-06,39.95,53.24,46.08
2015-10-07,38.41,51.04,48.24
2015-10-08,39.21,51.25,48.1
2015-10-09,40.27,53.92,48.79
2015-10-12,42.59,56.1,47.97
2015-10-13,42.7,57.12,46.0
2015-10-14,44.0,57.87,45.21
2015-10-15,44.1,57.79,45.05
2015-10-16,43.95,57.89,45.71
2015-10-19,43.83,55.9,44.92
2015-10-20,44.54,56.85,43.87
2015-10-21,44.49,55.65,43.67
2015-10-22,44.89,55.09,43.44
2015-10-23,46.37,57.19,43.45
2015-10-26,45.36,59.42,43.13
2015-10-27,46.41,60.72,42.4
2015-10-28,46.2,60.85,43.2
2015-10-29,45.63,59.13,44.34
2015-10-30,45.77,60.07,43.66
2015-11-02,46.2,60.61,43.95
2015-11-03,47.02,61.0,43.89
2015-11-04,46.42,60.54,44.43
2015-11-05,45.7,60.51,43.28
2015-11-06,45.51,60.18,42.72
2015-11-09,45.17,61.16,42.13
2015-11-10,44.66,60.18,42.26
2015-11-11,44.76,60.26,41.53
2015-11-12,44.29,59.0,40.21
2015-11-13,43.67,59.1,39.21
2015-11-16,42.41,57.37,38.18
2015-11-17,43.0,58.3,38.29
2015-11-18,42.32,57.49,38.04
2015-11-19,41.94,58.09,38.52
2015-11-20,42.4,58.49,38.37
2015-11-23,42.11,58.85,38.35
2015-11-24,41.02,57.09,39.59
2015-11-25,41.35,57.08,39.81
2015-11-27,41.38,56.4,39.08
2015-11-30,41.75,56.82,38.93
2015-12-01,41.47,55.68,39.25
2015-12-02,44.09,58.0,38.4
2015-12-03,43.65,57.91,37.84
2015-12-04,43.82,57.56,38.03
2015-12-07,45.35,59.955,36.4
2015-12-08,45.1,59.67,35.25
2015-12-09,44.3,58.7,34.74
2015-12-10,43.79,58.1,34.64
2015-12-11,43.28,58.18,33.71
2015-12-14,42.26,57.37,32.55
2015-12-15,41.97,57.83,32.56
2015-12-16,42.99,58.26,32.28
2015-12-17,43.33,58.86,31.49
2015-12-18,41.61,57.32,31.63
2015-12-21,41.35,57.42,30.74
2015-12-22,42.56,58.28,31.15
2015-12-23,42.78,58.02,31.25
2015-12-24,43.27,58.35,32.17
2015-12-28,43.62,59.79,31.71
2015-12-29,43.25,59.17,31.55
2015-12-30,43.64,59.28,31.42
2015-12-31,42.54,57.23,31.27
2016-01-04,41.29,55.79,31.79
2016-01-05,41.18,55.9,31.21
2016-01-06,40.05,54.24,29.71
2016-01-07,40.97,54.4,27.85
2016-01-08,40.94,53.62,28.47
2016-01-11,40.56,52.2,27.07
2016-01-12,41.15,51.66,25.76
2016-01-13,42.17,51.16,25.69
2016-01-14,40.21,48.34,25.0
2016-01-15,39.04,46.42,24.74
2016-01-19,39.59,46.51,23.85
2016-01-20,38.53,44.77,22.48
2016-01-21,38.93,45.11,22.89
2016-01-22,40.0,45.93,25.5
2016-01-25,40.02,46.91,25.58
2016-01-26,38.73,46.83,25.11
2016-01-27,40.15,47.7,26.4
2016-01-28,39.61,47.97,28.28
2016-01-29,37.52,45.31,29.11
2016-02-01,39.0,47.71,29.73
2016-02-02,38.83,48.27,28.4
2016-02-03,37.38,46.63,28.65
2016-02-04,37.34,47.18,29.93
2016-02-05,37.71,48.41,29.3
2016-02-08,36.08,45.9,29.0
2016-02-09,34.93,44.97,28.33
2016-02-10,36.57,47.41,25.93
2016-02-11,36.47,46.54,25.21
2016-02-12,36.92,47.29,26.74
2016-02-16,38.13,48.72,29.35
2016-02-17,38.95,49.42,28.18
2016-02-18,39.36,51.07,29.96
2016-02-19,39.16,51.79,29.17
2016-02-22,40.14,54.13,29.48
2016-02-23,40.56,55.09,28.94
2016-02-24,40.02,54.82,28.3
2016-02-25,40.76,56.44,29.19
2016-02-26,41.5,56.89,30.74
2016-02-29,40.77,56.38,30.13
2016-03-01,41.44,57.63,31.65
2016-03-02,41.47,57.9,31.72
2016-03-03,41.52,57.93,31.68
2016-03-04,42.17,58.65,32.42
2016-03-07,41.31,57.55,34.43
2016-03-08,41.3,56.36,35.07
2016-03-09,40.74,56.74,35.05
2016-03-10,42.11,57.6,35.23
2016-03-11,41.89,57.96,35.62
2016-03-14,42.31,58.0,34.74
2016-03-15,42.3,58.57,33.69
2016-03-16,41.81,57.66,34.5
2016-03-17,42.31,58.71,36.36
2016-03-18,42.31,58.9,36.59
2016-03-21,43.32,60.38,36.27
2016-03-22,42.0,59.51,36.67
2016-03-23,42.8,60.43,36.19
2016-03-24,41.88,58.76,34.96
2016-03-28,41.0,57.95,35.48
2016-03-29,40.9,57.78,34.5
2016-03-30,41.75,58.99,34.91
2016-03-31,41.5,59.92,34.33
2016-04-01,40.13,57.43,34.54
2016-04-04,39.81,56.59,33.4
2016-04-05,39.13,55.49,32.71
2016-04-06,39.07,55.6,33.93
2016-04-07,38.66,54.55,34.71
2016-04-08,38.7,53.65,36.01
2016-04-11,38.79,53.38,37.02
2016-04-12,38.82,53.89,38.62
2016-04-13,39.3,54.48,38.91
2016-04-14,40.34,55.86,38.58
2016-04-15,41.3,56.97,38.05
2016-04-18,41.18,57.78,36.58
2016-04-19,40.99,57.12,38.27
2016-04-20,41.36,57.96,38.46
2016-04-21,40.8,55.32,40.09
2016-04-22,37.68,51.2,39.78
2016-04-25,38.16,51.06,39.4
2016-04-26,37.27,49.75,39.88
2016-04-27,36.79,49.05,41.38
2016-04-28,37.04,48.84,42.02
2016-04-29,35.81,47.89,42.7
2016-05-02,34.99,46.61,42.48
2016-05-03,34.76,47.0,41.03
2016-05-04,34.17,46.71,40.45
2016-05-05,33.28,45.6,41.16
2016-05-06,32.67,44.8,40.57
2016-05-09,33.03,45.88,40.77
2016-05-10,33.24,46.07,40.23
2016-05-11,33.68,46.73,41.43
2016-05-12,33.01,46.03,43.33
2016-05-13,31.09,43.7,43.3
2016-05-16,31.81,44.32,44.37
2016-05-17,32.25,44.35,44.82
2016-05-18,32.61,44.91,44.88
2016-05-19,32.28,44.73,43.84
2016-05-20,32.3,44.39,44.77
2016-05-23,32.03,44.54,44.07
2016-05-24,31.89,44.46,44.02
2016-05-25,32.39,45.12,44.97
2016-05-26,32.13,45.2,45.43
2016-05-27,31.6,44.56,44.76
2016-05-31,31.75,45.13,45.15
2016-06-01,31.94,45.25,45.28
2016-06-02,31.67,44.92,45.67
2016-06-03,31.59,45.01,45.82
2016-06-06,30.77,44.2,46.1
2016-06-07,31.46,44.5,46.63
2016-06-08,32.63,45.94,47.76
2016-06-09,32.25,45.59,48.02
2016-06-10,32.8,46.09,47.05
2016-06-13,32.99,45.59,46.25
2016-06-14,31.81,43.98,45.64
2016-06-15,30.65,42.55,45.36
2016-06-16,29.8,42.23,44.03
2016-06-17,29.1,41.9,44.18
2016-06-20,29.75,43.07,46.24
2016-06-21,30.29,45.01,46.02
2016-06-22,30.05,45.0,46.46
2016-06-23,30.25,45.75,46.16
2016-06-24,28.2,42.67,44.88
2016-06-27,26.85,40.64,44.32
2016-06-28,26.12,38.82,44.46
2016-06-29,26.94,39.19,45.82
2016-06-30,27.86,40.72,46.27
2016-07-01,28.26,41.02,45.42
2016-07-05,29.09,40.8,44.34
2016-07-06,27.76,39.14,44.35
2016-07-07,28.39,39.32,44.19
2016-07-08,29.8,40.7,42.59
2016-07-11,30.23,41.88,42.21
2016-07-12,32.78,44.19,43.22
2016-07-13,35.0,46.55,43.19
2016-07-14,35.11,46.73,42.88
2016-07-15,35.51,47.51,43.24
2016-07-18,36.03,47.58,43.36
2016-07-19,35.78,47.3,42.66
2016-07-20,36.07,48.28,42.73
2016-07-21,35.1,47.11,42.93
2016-07-22,36.45,47.25,41.71
2016-07-25,36.35,47.52,41.35
2016-07-26,35.91,46.87,40.62
2016-07-27,36.5,47.63,40.49
2016-07-28,36.07,47.17,39.79
2016-07-29,36.26,47.49,38.97
2016-08-01,35.54,46.77,39.1
2016-08-02,35.39,46.9,38.29
2016-08-03,33.47,44.28,38.43
2016-08-04,33.57,44.94,39.6
2016-08-05,33.71,46.25,40.08
2016-08-08,34.22,48.39,41.1
2016-08-09,35.21,49.0,41.08
2016-08-10,34.59,47.72,40.57
2016-08-11,34.25,47.0,40.62
2016-08-12,34.74,47.2,42.6
2016-08-15,34.96,47.16,43.92
2016-08-16,35.67,47.82,45.03
2016-08-17,36.68,47.91,45.34
2016-08-18,36.43,48.16,46.5
2016-08-19,36.44,47.25,46.82
2016-08-22,36.33,46.95,46.04
2016-08-23,36.32,47.27,45.34
2016-08-24,36.27,47.29,45.25
2016-08-25,36.34,47.46,45.28
2016-08-26,36.68,47.62,45.75
2016-08-29,36.13,47.06,45.44
2016-08-30,35.45,49.28,45.25
2016-08-31,36.97,50.79,43.91
2016-09-01,36.53,50.54,42.0
2016-09-02,36.0,50.68,41.47
2016-09-06,36.45,50.97,42.75
2016-09-07,37.5,51.62,43.18
2016-09-08,38.68,53.23,44.61
2016-09-09,39.0,53.99,44.55
2016-09-12,37.22,51.69,44.53
2016-09-13,38.12,52.7,42.91
2016-09-14,37.0,51.4,42.56
2016-09-15,36.31,50.99,41.67
2016-09-16,36.26,51.31,41.74
2016-09-19,35.66,51.14,42.09
2016-09-20,35.75,51.09,41.55
2016-09-21,35.0,50.47,42.54
2016-09-22,34.96,50.68,43.27
2016-09-23,35.3,50.89,42.89
2016-09-26,35.19,50.53,42.16
2016-09-27,34.98,49.5,42.3
2016-09-28,36.1,50.67,42.21
2016-09-29,35.65,50.58,44.34
2016-09-30,35.98,51.39,44.63
2016-10-03,36.46,52.24,46.65
2016-10-04,38.39,54.21,46.72
2016-10-05,37.82,53.82,47.75
2016-10-06,37.83,53.6,47.86
2016-10-07,38.25,53.79,48.59
2016-10-10,37.95,53.06,48.31
2016-10-11,39.99,54.81,48.81
2016-10-12,38.12,53.76,48.68
2016-10-13,36.95,52.05,48.07
2016-10-14,39.45,54.16,48.63
2016-10-17,38.66,53.45,48.22
2016-10-18,38.84,52.54,48.24
2016-10-19,39.48,53.99,49.06
2016-10-20,40.93,55.29,48.51
2016-10-21,39.97,56.21,48.08
2016-10-24,40.25,55.91,48.15
2016-10-25,39.66,54.93,47.83
2016-10-26,38.57,53.11,46.96
2016-10-27,39.45,54.3,47.23
2016-10-28,39.85,54.59,47.04
2016-10-31,40.31,55.62,45.83
2016-11-01,40.51,56.25,44.51
2016-11-02,39.72,55.95,43.1
2016-11-03,39.78,56.66,42.62
2016-11-04,39.27,56.01,41.85
2016-11-07,40.39,57.96,41.98
2016-11-08,41.42,58.52,42.22
2016-11-09,40.76,58.24,41.9
2016-11-10,42.71,60.43,42.67
2016-11-11,42.07,59.85,41.54
2016-11-14,43.01,60.54,40.94
2016-11-15,45.0,65.47,41.84
2016-11-16,44.66,65.75,42.9
2016-11-17,44.39,65.62,42.83
2016-11-18,46.15,68.05,42.33
2016-11-21,46.46,68.22,44.34
2016-11-22,46.03,69.08,45.25
2016-11-23,46.05,69.35,45.37
2016-11-25,46.34,69.81,44.88
2016-11-28,46.64,69.95,43.84
2016-11-29,46.59,69.17,43.87
2016-11-30,46.14,68.51,44.8
2016-12-01,46.2,68.67,49.28
2016-12-02,46.09,69.12,50.42
2016-12-05,46.45,69.91,51.25
2016-12-06,46.16,69.41,50.98
2016-12-07,46.61,70.68,50.22
2016-12-08,48.6,72.46,50.04
2016-12-09,49.27,75.02,50.95
2016-12-12,49.16,74.3,53.24
2016-12-13,47.94,73.38,52.39
2016-12-14,47.84,72.6,51.83
2016-12-15,48.1,73.82,50.96
2016-12-16,48.61,74.91,51.29
2016-12-19,47.89,74.25,52.18
2016-12-20,48.5,75.32,51.99
2016-12-21,49.34,75.73,52.25
2016-12-22,49.35,75.62,51.73
2016-12-23,48.61,74.4,51.74
2016-12-27,48.29,74.78,52.25
2016-12-28,48.73,75.0,53.39
2016-12-29,47.8,73.53,53.46
2016-12-30,47.42,73.43,53.3
2017-01-03,47.28,74.02,53.13
2017-01-04,46.63,72.45,52.71
2017-01-05,46.52,71.99,53.02
2017-01-06,45.85,70.98,53.5
2017-01-09,46.01,71.06,52.85
2017-01-10,47.0,71.47,51.46
2017-01-11,49.29,75.51,50.98
2017-01-12,48.67,74.64,52.3
2017-01-13,48.16,74.03,52.64
2017-01-17,47.56,73.94,52.6
2017-01-18,47.3938,73.0,52.22
2017-01-19,47.64,74.06,51.45
2017-01-20,47.54,74.3,51.8
2017-01-23,47.9,74.66,52.1
2017-01-24,47.05,73.08,52.51
2017-01-25,47.9,73.58,52.14
2017-01-26,48.43,74.47,52.91
2017-01-27,50.0,75.75,52.88
2017-01-30,45.62,72.99,52.78
2017-01-31,44.79,71.78,52.19
